record_id,water_body,station_id,station_no,station_name,latitude,longitude,sample_date,sample_time,period,year,month,season,regime,do_mg_l,ph,temp_c,bod_mg_l,tss_mg_l,color_tcu,fecal_coliform_mpn_100ml,total_coliform_mpn_100ml,log10_fecal_coliform,log10_total_coliform,ammonia_mg_l,nitrate_n_mg_l,phosphate_p_mg_l,chloride_mg_l,n_params_measured,censored_fields,imputed_fields,invalid_fields,outlier_fields,date_note,source_sheet,source_row
1,Marilao River,MAR-1,1,Marilao Caloocan Bridge DECA Homes Marilao Bulacan,14.779431,121.027178,,,2012-01,2012,1,dry,pre_DAO_2016_08,4.59,,,33,,,,,,,,,,,2,,,,,,Marilao,15
2,Marilao River,MAR-2,2,Prenza Dam Brgy. Prenza II Marilao Bulacan,14.781331,120.997867,,,2012-01,2012,1,dry,pre_DAO_2016_08,3.7,,,28,,,,,,,,,,,2,,,,,,Marilao,16
3,Marilao River,MAR-3,3,"Expressway Bridge Brgy. Patubig Marilao, Bulacan",14.771083,120.958769,,,2012-01,2012,1,dry,pre_DAO_2016_08,2.6,,,43,,,,,,,,,,,2,,,,,,Marilao,17
4,Marilao River,MAR-4,4,Tabing ilog Bridge Brgy. Tabing Ilog Marilao Bulacan,14.760644,120.949747,,,2012-01,2012,1,dry,pre_DAO_2016_08,2.5,,,225,,,,,,,,,,,2,,,,bod_mg_l(high),,Marilao,18
5,Marilao River,MAR-5,5,Ibayo Bridge Brgy. Ibayo Marilao Bulacan,14.75435,120.951011,,,2012-01,2012,1,dry,pre_DAO_2016_08,2.2,,,45,,,,,,,,,,,2,,,,,,Marilao,19
6,Marilao River,MAR-1,1,Marilao Caloocan Bridge DECA Homes Marilao Bulacan,14.779431,121.027178,,,2012-02,2012,2,dry,pre_DAO_2016_08,4.5,,,23,,,,,,,,,,,2,,,,,,Marilao,21
7,Marilao River,MAR-2,2,Prenza Dam Brgy. Prenza II Marilao Bulacan,14.781331,120.997867,,,2012-02,2012,2,dry,pre_DAO_2016_08,3.2,,,16,,,,,,,,,,,2,,,,,,Marilao,22
8,Marilao River,MAR-3,3,"Expressway Bridge Brgy. Patubig Marilao, Bulacan",14.771083,120.958769,,,2012-02,2012,2,dry,pre_DAO_2016_08,2.3,,,15,,,,,,,,,,,2,,,,,,Marilao,23
9,Marilao River,MAR-4,4,Tabing ilog Bridge Brgy. Tabing Ilog Marilao Bulacan,14.760644,120.949747,,,2012-02,2012,2,dry,pre_DAO_2016_08,2.5,,,5,,,,,,,,,,,2,,,,,,Marilao,24
10,Marilao River,MAR-5,5,Ibayo Bridge Brgy. Ibayo Marilao Bulacan,14.75435,120.951011,,,2012-02,2012,2,dry,pre_DAO_2016_08,2.1,,,52,,,,,,,,,,,2,,,,,,Marilao,25
11,Marilao River,MAR-1,1,Marilao Caloocan Bridge DECA Homes Marilao Bulacan,14.779431,121.027178,,,2012-03,2012,3,dry,pre_DAO_2016_08,3.57,,,11,,,,,,,,,,,2,,,,,,Marilao,27
12,Marilao River,MAR-2,2,Prenza Dam Brgy. Prenza II Marilao Bulacan,14.781331,120.997867,,,2012-03,2012,3,dry,pre_DAO_2016_08,4.21,,,17,,,,,,,,,,,2,,,,,,Marilao,28
13,Marilao River,MAR-3,3,"Expressway Bridge Brgy. Patubig Marilao, Bulacan",14.771083,120.958769,,,2012-03,2012,3,dry,pre_DAO_2016_08,2.21,,,14,,,,,,,,,,,2,,,,,,Marilao,29
14,Marilao River,MAR-4,4,Tabing ilog Bridge Brgy. Tabing Ilog Marilao Bulacan,14.760644,120.949747,,,2012-03,2012,3,dry,pre_DAO_2016_08,1.85,,,195,,,,,,,,,,,2,,,,bod_mg_l(high),,Marilao,30
15,Marilao River,MAR-5,5,Ibayo Bridge Brgy. Ibayo Marilao Bulacan,14.75435,120.951011,,,2012-03,2012,3,dry,pre_DAO_2016_08,0.45,,,24,,,,,,,,,,,2,,,,,,Marilao,31
16,Marilao River,MAR-1,1,Marilao Caloocan Bridge DECA Homes Marilao Bulacan,14.779431,121.027178,,,2012-04,2012,4,dry,pre_DAO_2016_08,3.4,,,19,,,,,,,,,,,2,,,,,,Marilao,33
17,Marilao River,MAR-2,2,Prenza Dam Brgy. Prenza II Marilao Bulacan,14.781331,120.997867,,,2012-04,2012,4,dry,pre_DAO_2016_08,3.2,,,13,,,,,,,,,,,2,,,,,,Marilao,34
18,Marilao River,MAR-3,3,"Expressway Bridge Brgy. Patubig Marilao, Bulacan",14.771083,120.958769,,,2012-04,2012,4,dry,pre_DAO_2016_08,2.7,,,23,,,,,,,,,,,2,,,,,,Marilao,35
19,Marilao River,MAR-4,4,Tabing ilog Bridge Brgy. Tabing Ilog Marilao Bulacan,14.760644,120.949747,,,2012-04,2012,4,dry,pre_DAO_2016_08,4.5,,,19,,,,,,,,,,,2,,,,,,Marilao,36
20,Marilao River,MAR-5,5,Ibayo Bridge Brgy. Ibayo Marilao Bulacan,14.75435,120.951011,,,2012-04,2012,4,dry,pre_DAO_2016_08,5.2,,,28,,,,,,,,,,,2,,,,,,Marilao,37
21,Marilao River,MAR-1,1,Marilao Caloocan Bridge DECA Homes Marilao Bulacan,14.779431,121.027178,,,2012-05,2012,5,dry,pre_DAO_2016_08,5.5,,,9,,,,,,,,,,,2,,,,,,Marilao,39
22,Marilao River,MAR-2,2,Prenza Dam Brgy. Prenza II Marilao Bulacan,14.781331,120.997867,,,2012-05,2012,5,dry,pre_DAO_2016_08,4.56,,,8,,,,,,,,,,,2,,,,,,Marilao,40
23,Marilao River,MAR-3,3,"Expressway Bridge Brgy. Patubig Marilao, Bulacan",14.771083,120.958769,,,2012-05,2012,5,dry,pre_DAO_2016_08,2.62,,,82,,,,,,,,,,,2,,,,bod_mg_l(high),,Marilao,41
24,Marilao River,MAR-4,4,Tabing ilog Bridge Brgy. Tabing Ilog Marilao Bulacan,14.760644,120.949747,,,2012-05,2012,5,dry,pre_DAO_2016_08,4,,,14,,,,,,,,,,,2,,,,,,Marilao,42
25,Marilao River,MAR-5,5,Ibayo Bridge Brgy. Ibayo Marilao Bulacan,14.75435,120.951011,,,2012-05,2012,5,dry,pre_DAO_2016_08,3.42,,,11,,,,,,,,,,,2,,,,,,Marilao,43
26,Marilao River,MAR-1,1,Marilao Caloocan Bridge DECA Homes Marilao Bulacan,14.779431,121.027178,,,2012-06,2012,6,wet,pre_DAO_2016_08,6.5,,,10,,,,,,,,,,,2,,,,,,Marilao,45
27,Marilao River,MAR-2,2,Prenza Dam Brgy. Prenza II Marilao Bulacan,14.781331,120.997867,,,2012-06,2012,6,wet,pre_DAO_2016_08,2.94,,,3,,,,,,,,,,,2,,,,,,Marilao,46
28,Marilao River,MAR-3,3,"Expressway Bridge Brgy. Patubig Marilao, Bulacan",14.771083,120.958769,,,2012-06,2012,6,wet,pre_DAO_2016_08,7.48,,,7,,,,,,,,,,,2,,,,do_mg_l(high),,Marilao,47
29,Marilao River,MAR-4,4,Tabing ilog Bridge Brgy. Tabing Ilog Marilao Bulacan,14.760644,120.949747,,,2012-06,2012,6,wet,pre_DAO_2016_08,1.4,,,22,,,,,,,,,,,2,,,,,,Marilao,48
30,Marilao River,MAR-5,5,Ibayo Bridge Brgy. Ibayo Marilao Bulacan,14.75435,120.951011,,,2012-06,2012,6,wet,pre_DAO_2016_08,0.96,,,35,,,,,,,,,,,2,,,,,,Marilao,49
31,Marilao River,MAR-1,1,Marilao Caloocan Bridge DECA Homes Marilao Bulacan,14.779431,121.027178,,,2012-07,2012,7,wet,pre_DAO_2016_08,5.5,,,5,,,,,,,,,,,2,,,,,,Marilao,51
32,Marilao River,MAR-2,2,Prenza Dam Brgy. Prenza II Marilao Bulacan,14.781331,120.997867,,,2012-07,2012,7,wet,pre_DAO_2016_08,3.7,,,6,,,,,,,,,,,2,,,,,,Marilao,52
33,Marilao River,MAR-3,3,"Expressway Bridge Brgy. Patubig Marilao, Bulacan",14.771083,120.958769,,,2012-07,2012,7,wet,pre_DAO_2016_08,1.8,,,37,,,,,,,,,,,2,,,,,,Marilao,53
34,Marilao River,MAR-4,4,Tabing ilog Bridge Brgy. Tabing Ilog Marilao Bulacan,14.760644,120.949747,,,2012-07,2012,7,wet,pre_DAO_2016_08,1.3,,,8,,,,,,,,,,,2,,,,,,Marilao,54
35,Marilao River,MAR-5,5,Ibayo Bridge Brgy. Ibayo Marilao Bulacan,14.75435,120.951011,,,2012-07,2012,7,wet,pre_DAO_2016_08,1,,,9,,,,,,,,,,,2,,,,,,Marilao,55
36,Marilao River,MAR-1,1,Marilao Caloocan Bridge DECA Homes Marilao Bulacan,14.779431,121.027178,,,2012-08,2012,8,wet,pre_DAO_2016_08,3.5,,,8,,,,,,,,,,,2,,,,,,Marilao,57
37,Marilao River,MAR-2,2,Prenza Dam Brgy. Prenza II Marilao Bulacan,14.781331,120.997867,,,2012-08,2012,8,wet,pre_DAO_2016_08,4.1,,,6,,,,,,,,,,,2,,,,,,Marilao,58
38,Marilao River,MAR-3,3,"Expressway Bridge Brgy. Patubig Marilao, Bulacan",14.771083,120.958769,,,2012-08,2012,8,wet,pre_DAO_2016_08,2.1,,,9,,,,,,,,,,,2,,,,,,Marilao,59
39,Marilao River,MAR-4,4,Tabing ilog Bridge Brgy. Tabing Ilog Marilao Bulacan,14.760644,120.949747,,,2012-08,2012,8,wet,pre_DAO_2016_08,1.9,,,20,,,,,,,,,,,2,,,,,,Marilao,60
40,Marilao River,MAR-5,5,Ibayo Bridge Brgy. Ibayo Marilao Bulacan,14.75435,120.951011,,,2012-08,2012,8,wet,pre_DAO_2016_08,2.3,,,14,,,,,,,,,,,2,,,,,,Marilao,61
41,Marilao River,MAR-1,1,Marilao Caloocan Bridge DECA Homes Marilao Bulacan,14.779431,121.027178,,,2012-09,2012,9,wet,pre_DAO_2016_08,3.5,,,19,,,,,,,,,,,2,,,,,,Marilao,63
42,Marilao River,MAR-2,2,Prenza Dam Brgy. Prenza II Marilao Bulacan,14.781331,120.997867,,,2012-09,2012,9,wet,pre_DAO_2016_08,3.2,,,9,,,,,,,,,,,2,,,,,,Marilao,64
43,Marilao River,MAR-3,3,"Expressway Bridge Brgy. Patubig Marilao, Bulacan",14.771083,120.958769,,,2012-09,2012,9,wet,pre_DAO_2016_08,2.4,,,24,,,,,,,,,,,2,,,,,,Marilao,65
44,Marilao River,MAR-4,4,Tabing ilog Bridge Brgy. Tabing Ilog Marilao Bulacan,14.760644,120.949747,,,2012-09,2012,9,wet,pre_DAO_2016_08,1.7,,,14,,,,,,,,,,,2,,,,,,Marilao,66
45,Marilao River,MAR-5,5,Ibayo Bridge Brgy. Ibayo Marilao Bulacan,14.75435,120.951011,,,2012-09,2012,9,wet,pre_DAO_2016_08,1.3,,,10,,,,,,,,,,,2,,,,,,Marilao,67
46,Marilao River,MAR-1,1,Marilao Caloocan Bridge DECA Homes Marilao Bulacan,14.779431,121.027178,,,2012-10,2012,10,wet,pre_DAO_2016_08,3.2,,,9,,,,,,,,,,,2,,,,,,Marilao,69
47,Marilao River,MAR-2,2,Prenza Dam Brgy. Prenza II Marilao Bulacan,14.781331,120.997867,,,2012-10,2012,10,wet,pre_DAO_2016_08,3.1,,,8,,,,,,,,,,,2,,,,,,Marilao,70
48,Marilao River,MAR-3,3,"Expressway Bridge Brgy. Patubig Marilao, Bulacan",14.771083,120.958769,,,2012-10,2012,10,wet,pre_DAO_2016_08,1.7,,,12,,,,,,,,,,,2,,,,,,Marilao,71
49,Marilao River,MAR-4,4,Tabing ilog Bridge Brgy. Tabing Ilog Marilao Bulacan,14.760644,120.949747,,,2012-10,2012,10,wet,pre_DAO_2016_08,2.1,,,9,,,,,,,,,,,2,,,,,,Marilao,72
50,Marilao River,MAR-5,5,Ibayo Bridge Brgy. Ibayo Marilao Bulacan,14.75435,120.951011,,,2012-10,2012,10,wet,pre_DAO_2016_08,2.4,,,20,,,,,,,,,,,2,,,,,,Marilao,73
51,Marilao River,MAR-1,1,Marilao Caloocan Bridge DECA Homes Marilao Bulacan,14.779431,121.027178,,,2012-11,2012,11,wet,pre_DAO_2016_08,3.1,,,11,,,,,,,,,,,2,,,,,,Marilao,75
52,Marilao River,MAR-2,2,Prenza Dam Brgy. Prenza II Marilao Bulacan,14.781331,120.997867,,,2012-11,2012,11,wet,pre_DAO_2016_08,3.3,,,7,,,,,,,,,,,2,,,,,,Marilao,76
53,Marilao River,MAR-3,3,"Expressway Bridge Brgy. Patubig Marilao, Bulacan",14.771083,120.958769,,,2012-11,2012,11,wet,pre_DAO_2016_08,1.4,,,26,,,,,,,,,,,2,,,,,,Marilao,77
54,Marilao River,MAR-4,4,Tabing ilog Bridge Brgy. Tabing Ilog Marilao Bulacan,14.760644,120.949747,,,2012-11,2012,11,wet,pre_DAO_2016_08,1.1,,,23,,,,,,,,,,,2,,,,,,Marilao,78
55,Marilao River,MAR-5,5,Ibayo Bridge Brgy. Ibayo Marilao Bulacan,14.75435,120.951011,,,2012-11,2012,11,wet,pre_DAO_2016_08,1.3,,,33,,,,,,,,,,,2,,,,,,Marilao,79
56,Marilao River,MAR-1,1,Marilao Caloocan Bridge DECA Homes Marilao Bulacan,14.779431,121.027178,,,2012-12,2012,12,dry,pre_DAO_2016_08,1.7,,,76,,,,,,,,,,,2,,,,,,Marilao,81
57,Marilao River,MAR-2,2,Prenza Dam Brgy. Prenza II Marilao Bulacan,14.781331,120.997867,,,2012-12,2012,12,dry,pre_DAO_2016_08,2.1,,,87,,,,,,,,,,,2,,,,bod_mg_l(high),,Marilao,82
58,Marilao River,MAR-3,3,"Expressway Bridge Brgy. Patubig Marilao, Bulacan",14.771083,120.958769,,,2012-12,2012,12,dry,pre_DAO_2016_08,1.3,,,108,,,,,,,,,,,2,,,,bod_mg_l(high),,Marilao,83
59,Marilao River,MAR-4,4,Tabing ilog Bridge Brgy. Tabing Ilog Marilao Bulacan,14.760644,120.949747,,,2012-12,2012,12,dry,pre_DAO_2016_08,1.6,,,100,,,,,,,,,,,2,,,,bod_mg_l(high),,Marilao,84
60,Marilao River,MAR-5,5,Ibayo Bridge Brgy. Ibayo Marilao Bulacan,14.75435,120.951011,,,2012-12,2012,12,dry,pre_DAO_2016_08,1.9,,,106,,,,,,,,,,,2,,,,bod_mg_l(high),,Marilao,85
61,Marilao River,MAR-1,1,Marilao Caloocan Bridge DECA Homes Marilao Bulacan,14.779431,121.027178,2013-01-31,10:43,2013-01,2013,1,dry,pre_DAO_2016_08,3.2,8.7,,25,18,,,35000000,,7.5441,9.36,0.114,3.258,,8,,,,,,Marilao,87
62,Marilao River,MAR-2,2,Prenza Dam Brgy. Prenza II Marilao Bulacan,14.781331,120.997867,2013-01-31,11:18,2013-01,2013,1,dry,pre_DAO_2016_08,2.9,8.3,,12,10,,,3500000,,6.5441,6.968,0.122,3.051,,8,,,,,,Marilao,88
63,Marilao River,MAR-3,3,"Expressway Bridge Brgy. Patubig Marilao, Bulacan",14.771083,120.958769,2013-01-31,12:10,2013-01,2013,1,dry,pre_DAO_2016_08,1.4,7.9,,21,20,,,16000000,,7.2041,9.714,0.116,5.195,,8,,,,,,Marilao,89
64,Marilao River,MAR-4,4,Tabing ilog Bridge Brgy. Tabing Ilog Marilao Bulacan,14.760644,120.949747,2013-01-31,12:37,2013-01,2013,1,dry,pre_DAO_2016_08,1.1,8.08,,47,16,,,160000000,,8.2041,8.632,0.134,0.429,,8,,,,total_coliform_mpn_100ml(high),,Marilao,90
65,Marilao River,MAR-5,5,Ibayo Bridge Brgy. Ibayo Marilao Bulacan,14.75435,120.951011,2013-01-31,12:50,2013-01,2013,1,dry,pre_DAO_2016_08,1.2,8.01,,44,21,,,160000000,,8.2041,9.621,0.179,4.002,,8,,,,total_coliform_mpn_100ml(high),,Marilao,91
66,Marilao River,MAR-1,1,Marilao Caloocan Bridge DECA Homes Marilao Bulacan,14.779431,121.027178,2013-02-21,11:12,2013-02,2013,2,dry,pre_DAO_2016_08,3.4,8.6,,23,12,,,92000000,,7.9638,31.872,0.112,3.497,,8,,,,total_coliform_mpn_100ml(high),,Marilao,93
67,Marilao River,MAR-2,2,Prenza Dam Brgy. Prenza II Marilao Bulacan,14.781331,120.997867,2013-02-21,11:47,2013-02,2013,2,dry,pre_DAO_2016_08,3.1,8.4,,18,20,,,2400000,,6.3802,25.179,0.071,3.187,,8,,,,,,Marilao,94
68,Marilao River,MAR-3,3,"Expressway Bridge Brgy. Patubig Marilao, Bulacan",14.771083,120.958769,2013-02-21,12:47,2013-02,2013,2,dry,pre_DAO_2016_08,1.4,8.01,,25,16,,,9200000,,6.9638,32.338,0.065,6.013,,8,,,,,,Marilao,95
69,Marilao River,MAR-4,4,Tabing ilog Bridge Brgy. Tabing Ilog Marilao Bulacan,14.760644,120.949747,2013-02-21,13:12,2013-02,2013,2,dry,pre_DAO_2016_08,0.8,7.8,,56,18,,,16000000,,7.2041,30.529,0.042,6.737,,8,,,,,,Marilao,96
70,Marilao River,MAR-5,5,Ibayo Bridge Brgy. Ibayo Marilao Bulacan,14.75435,120.951011,2013-02-21,13:25,2013-02,2013,2,dry,pre_DAO_2016_08,0.7,7.7,,96,27,,,160000000,,8.2041,36.938,0.021,6.668,,8,,,,bod_mg_l(high);total_coliform_mpn_100ml(high),,Marilao,97
71,Marilao River,MAR-1,1,Marilao Caloocan Bridge DECA Homes Marilao Bulacan,14.779431,121.027178,2013-03-06,10:43,2013-03,2013,3,dry,pre_DAO_2016_08,3.2,8.4,,14,20,,,740000,,5.8692,15.188,0.139,2.229,,8,,,,,,Marilao,99
72,Marilao River,MAR-2,2,Prenza Dam Brgy. Prenza II Marilao Bulacan,14.781331,120.997867,2013-03-06,11:13,2013-03,2013,3,dry,pre_DAO_2016_08,3.5,8.3,,12,13,,,790000,,5.8976,15.808,0.155,2.977,,8,,,,,,Marilao,100
73,Marilao River,MAR-3,3,"Expressway Bridge Brgy. Patubig Marilao, Bulacan",14.771083,120.958769,2013-03-06,12:06,2013-03,2013,3,dry,pre_DAO_2016_08,1.1,8.01,,31,21,,,5400000,,6.7324,18.659,0.116,4.047,,8,,,,,,Marilao,101
74,Marilao River,MAR-4,4,Tabing ilog Bridge Brgy. Tabing Ilog Marilao Bulacan,14.760644,120.949747,2013-03-06,12:26,2013-03,2013,3,dry,pre_DAO_2016_08,1.3,8.04,,23,30,,,16000000,,7.2041,24.971,0.112,4.474,,8,,,,,,Marilao,102
75,Marilao River,MAR-5,5,Ibayo Bridge Brgy. Ibayo Marilao Bulacan,14.75435,120.951011,2013-03-06,12:40,2013-03,2013,3,dry,pre_DAO_2016_08,1.2,8.06,,28,26,,,11000000,,7.0414,26.136,0.144,4.314,,8,,,,,,Marilao,103
76,Marilao River,MAR-1,1,Marilao Caloocan Bridge DECA Homes Marilao Bulacan,14.779431,121.027178,2013-04-17,12:10,2013-04,2013,4,dry,pre_DAO_2016_08,1.3,8.5,,25,9,,,54000000,,7.7324,26.344,0.291,4.781,,8,,,,,,Marilao,105
77,Marilao River,MAR-2,2,Prenza Dam Brgy. Prenza II Marilao Bulacan,14.781331,120.997867,2013-04-17,12:35,2013-04,2013,4,dry,pre_DAO_2016_08,1.7,8.3,,20,6,,,35000000,,7.5441,29.783,0.332,3.729,,8,,,,,,Marilao,106
78,Marilao River,MAR-3,3,"Expressway Bridge Brgy. Patubig Marilao, Bulacan",14.771083,120.958769,2013-04-17,13:05,2013-04,2013,4,dry,pre_DAO_2016_08,1.1,8.3,,22,11,,,3500000,,6.5441,27.19,0.103,5.307,,8,,,,,,Marilao,107
79,Marilao River,MAR-4,4,Tabing ilog Bridge Brgy. Tabing Ilog Marilao Bulacan,14.760644,120.949747,2013-04-17,13:30,2013-04,2013,4,dry,pre_DAO_2016_08,1.2,8.2,,20,8,,,3500000,,6.5441,25.668,0.115,4.991,,8,,,,,,Marilao,108
80,Marilao River,MAR-5,5,Ibayo Bridge Brgy. Ibayo Marilao Bulacan,14.75435,120.951011,2013-04-17,13:51,2013-04,2013,4,dry,pre_DAO_2016_08,0.9,8.1,,16,8,,,35000000,,7.5441,23.864,0.115,5.096,,8,,,,,,Marilao,109
81,Marilao River,MAR-1,1,Marilao Caloocan Bridge DECA Homes Marilao Bulacan,14.779431,121.027178,2013-05-09,12:18,2013-05,2013,5,dry,pre_DAO_2016_08,3.75,8.73,,2,40,,,16000000,,7.2041,80.735,0.072,5.804,,8,,,,ammonia_mg_l(high),,Marilao,111
82,Marilao River,MAR-2,2,Prenza Dam Brgy. Prenza II Marilao Bulacan,14.781331,120.997867,2013-05-09,12:40,2013-05,2013,5,dry,pre_DAO_2016_08,3.9,8.62,,118,30,,,160000000,,8.2041,73.866,0.012,4.372,,8,,,,bod_mg_l(high);total_coliform_mpn_100ml(high);ammonia_mg_l(high),,Marilao,112
83,Marilao River,MAR-3,3,"Expressway Bridge Brgy. Patubig Marilao, Bulacan",14.771083,120.958769,2013-05-09,13:01,2013-05,2013,5,dry,pre_DAO_2016_08,0.9,8.27,,230,33,,,3500000,,6.5441,54.899,0.005,5.253,,8,,,,bod_mg_l(high),,Marilao,113
84,Marilao River,MAR-4,4,Tabing ilog Bridge Brgy. Tabing Ilog Marilao Bulacan,14.760644,120.949747,2013-05-09,13:21,2013-05,2013,5,dry,pre_DAO_2016_08,0.82,8.52,,181,300,,,2400000,,6.3802,50.817,0.012,7.015,,8,,,,bod_mg_l(high);tss_mg_l(high);phosphate_p_mg_l(high),,Marilao,114
85,Marilao River,MAR-5,5,Ibayo Bridge Brgy. Ibayo Marilao Bulacan,14.75435,120.951011,2013-05-09,13:38,2013-05,2013,5,dry,pre_DAO_2016_08,0.69,8.2,,169,31,,,3500000,,6.5441,45.441,0.068,7.346,,8,,,,bod_mg_l(high);phosphate_p_mg_l(high),,Marilao,115
86,Marilao River,MAR-1,1,Marilao Caloocan Bridge DECA Homes Marilao Bulacan,14.779431,121.027178,2013-06-13,09:30,2013-06,2013,6,wet,pre_DAO_2016_08,1.8,7.6,,21,330,,,280000,,5.4472,9.627,0.142,10.098,,8,,,,tss_mg_l(high);total_coliform_mpn_100ml(low);phosphate_p_mg_l(high),,Marilao,117
87,Marilao River,MAR-2,2,Prenza Dam Brgy. Prenza II Marilao Bulacan,14.781331,120.997867,2013-06-13,09:48,2013-06,2013,6,wet,pre_DAO_2016_08,2.1,8,,18,30,,,16000,,4.2041,4.534,0.16,3.088,,8,,,,total_coliform_mpn_100ml(low),,Marilao,118
88,Marilao River,MAR-3,3,"Expressway Bridge Brgy. Patubig Marilao, Bulacan",14.771083,120.958769,2013-06-13,10:05,2013-06,2013,6,wet,pre_DAO_2016_08,1.2,8.25,,16,140,,,2400000,,6.3802,8.039,0.842,2.862,,8,,,,tss_mg_l(high),,Marilao,119
89,Marilao River,MAR-4,4,Tabing ilog Bridge Brgy. Tabing Ilog Marilao Bulacan,14.760644,120.949747,2013-06-13,10:26,2013-06,2013,6,wet,pre_DAO_2016_08,1.1,8.1,,10,120,,,2400000,,6.3802,5.41,0.242,2.749,,8,,,,tss_mg_l(high),,Marilao,120
90,Marilao River,MAR-5,5,Ibayo Bridge Brgy. Ibayo Marilao Bulacan,14.75435,120.951011,2013-06-13,10:41,2013-06,2013,6,wet,pre_DAO_2016_08,1.3,8.3,,10,140,,,540000,,5.7324,1.319,0.149,3.653,,8,,,,tss_mg_l(high),,Marilao,121
91,Marilao River,MAR-1,1,Marilao Caloocan Bridge DECA Homes Marilao Bulacan,14.779431,121.027178,2013-07-10,11:14,2013-07,2013,7,wet,pre_DAO_2016_08,1.9,6.1,,11,41,,,92000000,,7.9638,5.451,0.554,1.166,,8,,,,ph(low);total_coliform_mpn_100ml(high),,Marilao,123
92,Marilao River,MAR-2,2,Prenza Dam Brgy. Prenza II Marilao Bulacan,14.781331,120.997867,2013-07-10,11:58,2013-07,2013,7,wet,pre_DAO_2016_08,1.6,6.2,,6,114,,,540000,,5.7324,4.977,0.666,0.638,,8,,,,ph(low);tss_mg_l(high),,Marilao,124
93,Marilao River,MAR-3,3,"Expressway Bridge Brgy. Patubig Marilao, Bulacan",14.771083,120.958769,2013-07-10,12:20,2013-07,2013,7,wet,pre_DAO_2016_08,1.7,6.3,,22,72,,,2400000,,6.3802,6.054,0.856,1.044,,8,,,,tss_mg_l(high),,Marilao,125
94,Marilao River,MAR-4,4,Tabing ilog Bridge Brgy. Tabing Ilog Marilao Bulacan,14.760644,120.949747,2013-07-10,12:57,2013-07,2013,7,wet,pre_DAO_2016_08,1.2,6.4,,16,137,,,540000,,5.7324,4.762,0.807,1.653,,8,,,,tss_mg_l(high),,Marilao,126
95,Marilao River,MAR-5,5,Ibayo Bridge Brgy. Ibayo Marilao Bulacan,14.75435,120.951011,2013-07-10,13:12,2013-07,2013,7,wet,pre_DAO_2016_08,1.1,6.2,,11,132,,,3500000,,6.5441,5.796,0.578,1.531,,8,,,,ph(low);tss_mg_l(high),,Marilao,127
96,Marilao River,MAR-1,1,Marilao Caloocan Bridge DECA Homes Marilao Bulacan,14.779431,121.027178,2013-08-14,10:05,2013-08,2013,8,wet,pre_DAO_2016_08,2.8,6.1,,6,20,,,2400000,,6.3802,6.052,0.946,0.573,,8,,,,ph(low),,Marilao,129
97,Marilao River,MAR-2,2,Prenza Dam Brgy. Prenza II Marilao Bulacan,14.781331,120.997867,2013-08-14,10:48,2013-08,2013,8,wet,pre_DAO_2016_08,2.2,6.2,,4,26,,,3500000,,6.5441,5.33,1.151,0.573,,8,,,,ph(low);nitrate_n_mg_l(high),,Marilao,130
98,Marilao River,MAR-3,3,"Expressway Bridge Brgy. Patubig Marilao, Bulacan",14.771083,120.958769,2013-08-14,11:25,2013-08,2013,8,wet,pre_DAO_2016_08,1.8,6.3,,3,25,,,5400000,,6.7324,7.159,1.279,0.883,,8,,,,nitrate_n_mg_l(high),,Marilao,131
99,Marilao River,MAR-4,4,Tabing ilog Bridge Brgy. Tabing Ilog Marilao Bulacan,14.760644,120.949747,2013-08-14,11:33,2013-08,2013,8,wet,pre_DAO_2016_08,1.9,6.01,,11,6,,,2400000,,6.3802,5.089,0.996,0.557,,8,,,,ph(low),,Marilao,132
100,Marilao River,MAR-5,5,Ibayo Bridge Brgy. Ibayo Marilao Bulacan,14.75435,120.951011,2013-08-14,12:18,2013-08,2013,8,wet,pre_DAO_2016_08,2.1,6.1,,5,11,,,1600000,,6.2041,5.907,1.094,0.697,,8,,,,ph(low);nitrate_n_mg_l(high),,Marilao,133
101,Marilao River,MAR-1,1,Marilao Caloocan Bridge DECA Homes Marilao Bulacan,14.779431,121.027178,2013-09-11,10:06,2013-09,2013,9,wet,pre_DAO_2016_08,3.1,6.1,,9,32,,,92000000,,7.9638,3.355,0.596,1.128,,8,,,,ph(low);total_coliform_mpn_100ml(high),,Marilao,135
102,Marilao River,MAR-2,2,Prenza Dam Brgy. Prenza II Marilao Bulacan,14.781331,120.997867,2013-09-11,11:19,2013-09,2013,9,wet,pre_DAO_2016_08,2.8,6.2,,4,55,,,3500000,,6.5441,3.623,1.367,0.751,,8,,,,ph(low);tss_mg_l(high);nitrate_n_mg_l(high),,Marilao,136
103,Marilao River,MAR-3,3,"Expressway Bridge Brgy. Patubig Marilao, Bulacan",14.771083,120.958769,2013-09-11,11:58,2013-09,2013,9,wet,pre_DAO_2016_08,1.8,6.1,,3,51,,,9200000,,6.9638,4.882,1.097,1.259,,8,,,,ph(low);nitrate_n_mg_l(high),,Marilao,137
104,Marilao River,MAR-4,4,Tabing ilog Bridge Brgy. Tabing Ilog Marilao Bulacan,14.760644,120.949747,2013-09-11,11:25,2013-09,2013,9,wet,pre_DAO_2016_08,1.3,6.3,,4,35,,,5400000,,6.7324,4.147,0.99,0.997,,8,,,,,,Marilao,138
105,Marilao River,MAR-5,5,Ibayo Bridge Brgy. Ibayo Marilao Bulacan,14.75435,120.951011,2013-09-11,12:23,2013-09,2013,9,wet,pre_DAO_2016_08,1.6,6.2,,7,33,,,2400000,,6.3802,4.124,0.851,1.112,,8,,,,ph(low),,Marilao,139
106,Marilao River,MAR-1,1,Marilao Caloocan Bridge DECA Homes Marilao Bulacan,14.779431,121.027178,2013-10-09,11:10,2013-10,2013,10,wet,pre_DAO_2016_08,2.4,6.5,,6,39,,,1700000,,6.2304,3.941,0.198,0.858,,8,,,,,,Marilao,141
107,Marilao River,MAR-2,2,Prenza Dam Brgy. Prenza II Marilao Bulacan,14.781331,120.997867,2013-10-09,11:30,2013-10,2013,10,wet,pre_DAO_2016_08,2.6,6.3,,6,39,,,1700000,,6.2304,3.023,0.216,0.921,,8,,,,,,Marilao,142
108,Marilao River,MAR-3,3,"Expressway Bridge Brgy. Patubig Marilao, Bulacan",14.771083,120.958769,2013-10-09,12:19,2013-10,2013,10,wet,pre_DAO_2016_08,1.9,6.7,,5,33,,,5400000,,6.7324,2.105,0.648,1.079,,8,,,,,,Marilao,143
109,Marilao River,MAR-4,4,Tabing ilog Bridge Brgy. Tabing Ilog Marilao Bulacan,14.760644,120.949747,2013-10-09,12:44,2013-10,2013,10,wet,pre_DAO_2016_08,2.1,7.1,,9,19,,,3500000,,6.5441,2.046,0.471,1.095,,8,,,,,,Marilao,144
110,Marilao River,MAR-5,5,Ibayo Bridge Brgy. Ibayo Marilao Bulacan,14.75435,120.951011,2013-10-09,13:05,2013-10,2013,10,wet,pre_DAO_2016_08,2.2,7.2,,9,26,,,2400000,,6.3802,3.615,0.295,1.048,,8,,,,,,Marilao,145
111,Marilao River,MAR-1,1,Marilao Caloocan Bridge DECA Homes Marilao Bulacan,14.779431,121.027178,2013-11-06,08:51,2013-11,2013,11,wet,pre_DAO_2016_08,4.2,8.65,,8,13,,,5400000,,6.7324,4.343,0.876,1.876,,8,,,,,,Marilao,147
112,Marilao River,MAR-2,2,Prenza Dam Brgy. Prenza II Marilao Bulacan,14.781331,120.997867,2013-11-06,09:45,2013-11,2013,11,wet,pre_DAO_2016_08,3.8,8.27,,6,7,,,350000,,5.5441,5.719,0.285,1.535,,8,,,,,,Marilao,148
113,Marilao River,MAR-3,3,"Expressway Bridge Brgy. Patubig Marilao, Bulacan",14.771083,120.958769,2013-11-06,10:10,2013-11,2013,11,wet,pre_DAO_2016_08,0.8,7.99,,11,12,,,9200000,,6.9638,5.447,0.116,2.551,,8,,,,,,Marilao,149
114,Marilao River,MAR-4,4,Tabing ilog Bridge Brgy. Tabing Ilog Marilao Bulacan,14.760644,120.949747,2013-11-06,10:43,2013-11,2013,11,wet,pre_DAO_2016_08,0.6,7.75,,78,12,,,9200000,,6.9638,4.746,0.025,2.162,,8,nitrate_n_mg_l(<0.05),,,,,Marilao,150
115,Marilao River,MAR-5,5,Ibayo Bridge Brgy. Ibayo Marilao Bulacan,14.75435,120.951011,2013-11-06,11:05,2013-11,2013,11,wet,pre_DAO_2016_08,0.4,7.76,,35,12,,,5400000,,6.7324,4.497,0.025,1.9,,8,nitrate_n_mg_l(<0.05),,,,,Marilao,151
116,Marilao River,MAR-1,1,Marilao Caloocan Bridge DECA Homes Marilao Bulacan,14.779431,121.027178,2013-12-12,10:45,2013-12,2013,12,dry,pre_DAO_2016_08,1.8,8.1,,16,10,,,3500000,,6.5441,9.864,0.155,1.412,,8,,,,,,Marilao,153
117,Marilao River,MAR-2,2,Prenza Dam Brgy. Prenza II Marilao Bulacan,14.781331,120.997867,2013-12-12,11:46,2013-12,2013,12,dry,pre_DAO_2016_08,1.9,7.9,,16,18,,,3500000,,6.5441,7.171,0.255,1.492,,8,,,,,,Marilao,154
118,Marilao River,MAR-3,3,"Expressway Bridge Brgy. Patubig Marilao, Bulacan",14.771083,120.958769,2013-12-12,12:20,2013-12,2013,12,dry,pre_DAO_2016_08,1.1,7.17,,12,9,,,5400000,,6.7324,3.079,0.165,2.293,,8,,,,,,Marilao,155
119,Marilao River,MAR-4,4,Tabing ilog Bridge Brgy. Tabing Ilog Marilao Bulacan,14.760644,120.949747,2013-12-12,12:50,2013-12,2013,12,dry,pre_DAO_2016_08,0.8,7.57,,42,11,,,9200000,,6.9638,3.079,0.177,0.177,,8,,,,,,Marilao,156
120,Marilao River,MAR-5,5,Ibayo Bridge Brgy. Ibayo Marilao Bulacan,14.75435,120.951011,2013-12-12,13:12,2013-12,2013,12,dry,pre_DAO_2016_08,0.97,7.18,,22,10,,,5400000,,6.7324,3.079,0.161,0.161,,8,,,,,,Marilao,157
121,Marilao River,MAR-1,1,Marilao Caloocan Bridge DECA Homes Marilao Bulacan,14.779431,121.027178,2014-01-08,11:50,2014-01,2014,1,dry,pre_DAO_2016_08,3.4,8.78,,24,7,,,24000000,,7.3802,16.841,0.024,2.748,,8,nitrate_n_mg_l(<0.048),,,,,Marilao,159
122,Marilao River,MAR-2,2,Prenza Dam Brgy. Prenza II Marilao Bulacan,14.781331,120.997867,2014-01-08,12:35,2014-01,2014,1,dry,pre_DAO_2016_08,3.2,8.49,,17,10,,,700000,,5.8451,16.521,0.024,2.748,,8,nitrate_n_mg_l(<0.048),,,,,Marilao,160
123,Marilao River,MAR-3,3,"Expressway Bridge Brgy. Patubig Marilao, Bulacan",14.771083,120.958769,2014-01-08,13:09,2014-01,2014,1,dry,pre_DAO_2016_08,1.43,8.24,,21,8,,,120,,2.0792,21.923,0.024,4.227,,8,nitrate_n_mg_l(<0.048),,,total_coliform_mpn_100ml(low),,Marilao,161
124,Marilao River,MAR-4,4,Tabing ilog Bridge Brgy. Tabing Ilog Marilao Bulacan,14.760644,120.949747,2014-01-08,13:39,2014-01,2014,1,dry,pre_DAO_2016_08,0.4,7.97,,40,8,,,24000000,,7.3802,24.915,0.024,4.36,,8,nitrate_n_mg_l(<0.048),,,,,Marilao,162
125,Marilao River,MAR-5,5,Ibayo Bridge Brgy. Ibayo Marilao Bulacan,14.75435,120.951011,2014-01-08,13:51,2014-01,2014,1,dry,pre_DAO_2016_08,0.34,8.01,,31,11,,,9200000,,6.9638,21.59,0.024,4.075,,8,nitrate_n_mg_l(<0.048),,,,,Marilao,163
126,Marilao River,MAR-1,1,Marilao Caloocan Bridge DECA Homes Marilao Bulacan,14.779431,121.027178,2014-02-05,10:50,2014-02,2014,2,dry,pre_DAO_2016_08,2.9,8.86,,29,10,,,9200000,,6.9638,5.339,0.156,3.536,,8,,,,,,Marilao,165
127,Marilao River,MAR-2,2,Prenza Dam Brgy. Prenza II Marilao Bulacan,14.781331,120.997867,2014-02-05,11:25,2014-02,2014,2,dry,pre_DAO_2016_08,0.1,8.31,,20,4,,,350000,,5.5441,3.513,0.16,3.558,,8,,,,,,Marilao,166
128,Marilao River,MAR-3,3,"Expressway Bridge Brgy. Patubig Marilao, Bulacan",14.771083,120.958769,2014-02-05,11:59,2014-02,2014,2,dry,pre_DAO_2016_08,0.94,7.76,,20,6,,,540000,,5.7324,5.156,0.244,5.128,,8,,,,,,Marilao,167
129,Marilao River,MAR-4,4,Tabing ilog Bridge Brgy. Tabing Ilog Marilao Bulacan,14.760644,120.949747,2014-02-05,12:25,2014-02,2014,2,dry,pre_DAO_2016_08,0.66,8.1,,20,9,,,700000000,,8.8451,5.156,0.255,5.26,,8,,,,total_coliform_mpn_100ml(high),,Marilao,168
130,Marilao River,MAR-5,5,Ibayo Bridge Brgy. Ibayo Marilao Bulacan,14.75435,120.951011,2014-02-05,12:39,2014-02,2014,2,dry,pre_DAO_2016_08,0.69,7.92,,34,6,,,160000000,,8.2041,5.156,0.24,4.863,,8,,,,total_coliform_mpn_100ml(high),,Marilao,169
131,Marilao River,MAR-1,1,Marilao Caloocan Bridge DECA Homes Marilao Bulacan,14.779431,121.027178,2014-03-06,10:28,2014-03,2014,3,dry,pre_DAO_2016_08,2.64,8.52,,27,21,,,35000000,,7.5441,25.701,0.093,3.487,,8,,,,,,Marilao,171
132,Marilao River,MAR-2,2,Prenza Dam Brgy. Prenza II Marilao Bulacan,14.781331,120.997867,2014-03-06,11:05,2014-03,2014,3,dry,pre_DAO_2016_08,2.8,8.4,,10,22,,,490000,,5.6902,24.28,0.096,4.003,,8,,,,,,Marilao,172
133,Marilao River,MAR-3,3,"Expressway Bridge Brgy. Patubig Marilao, Bulacan",14.771083,120.958769,2014-03-06,11:43,2014-03,2014,3,dry,pre_DAO_2016_08,0.95,8.22,,12,16,,,490000,,5.6902,26.84,0.095,4.942,,8,,,,,,Marilao,173
134,Marilao River,MAR-4,4,Tabing ilog Bridge Brgy. Tabing Ilog Marilao Bulacan,14.760644,120.949747,2014-03-06,12:20,2014-03,2014,3,dry,pre_DAO_2016_08,0.46,7.97,,30,24,,,4900000,,6.6902,30.487,0.056,4.969,,8,,,,,,Marilao,174
135,Marilao River,MAR-5,5,Ibayo Bridge Brgy. Ibayo Marilao Bulacan,14.75435,120.951011,2014-03-06,12:35,2014-03,2014,3,dry,pre_DAO_2016_08,0.51,8.02,,34,29,,,54000000,,7.7324,30.04,0.062,5.021,,8,,,,,,Marilao,175
136,Marilao River,MAR-1,1,Marilao Caloocan Bridge DECA Homes Marilao Bulacan,14.779431,121.027178,2014-04-03,11:10,2014-04,2014,4,dry,pre_DAO_2016_08,2.2,8.2,,19,17,,,220000,,5.3424,39.424,0.175,1.909,,8,,,,total_coliform_mpn_100ml(low),,Marilao,177
137,Marilao River,MAR-2,2,Prenza Dam Brgy. Prenza II Marilao Bulacan,14.781331,120.997867,2014-04-03,12:10,2014-04,2014,4,dry,pre_DAO_2016_08,2.6,8.55,,3,12,,,47000,,4.6721,23.542,0.159,1.755,,8,,,,total_coliform_mpn_100ml(low),,Marilao,178
138,Marilao River,MAR-3,3,"Expressway Bridge Brgy. Patubig Marilao, Bulacan",14.771083,120.958769,2014-04-03,12:41,2014-04,2014,4,dry,pre_DAO_2016_08,0.56,7.98,,76,27,,,4300000,,6.6335,23.056,0.138,2.414,,8,,,,,,Marilao,179
139,Marilao River,MAR-4,4,Tabing ilog Bridge Brgy. Tabing Ilog Marilao Bulacan,14.760644,120.949747,2014-04-03,13:20,2014-04,2014,4,dry,pre_DAO_2016_08,0.6,7.91,,70,17,,,4000000,,6.6021,32.322,0.068,2.364,,8,,,,,,Marilao,180
140,Marilao River,MAR-5,5,Ibayo Bridge Brgy. Ibayo Marilao Bulacan,14.75435,120.951011,2014-04-03,13:33,2014-04,2014,4,dry,pre_DAO_2016_08,0.25,7.97,,62,14,,,1400000,,6.1461,42.401,0.135,2.364,,8,,,,,,Marilao,181
141,Marilao River,MAR-1,1,Marilao Caloocan Bridge DECA Homes Marilao Bulacan,14.779431,121.027178,2014-05-07,10:07,2014-05,2014,5,dry,pre_DAO_2016_08,3.25,7.81,,22,6,,,3500000,,6.5441,45.008,0.353,2.881,,8,,,,,,Marilao,183
142,Marilao River,MAR-2,2,Prenza Dam Brgy. Prenza II Marilao Bulacan,14.781331,120.997867,2014-05-07,10:45,2014-05,2014,5,dry,pre_DAO_2016_08,3.4,7.8,,19,13,,,790000,,5.8976,46.153,0.213,3.301,,8,,,,,,Marilao,184
143,Marilao River,MAR-3,3,"Expressway Bridge Brgy. Patubig Marilao, Bulacan",14.771083,120.958769,2014-05-07,11:25,2014-05,2014,5,dry,pre_DAO_2016_08,0.25,7.49,,29,9,,,4600000,,6.6628,17.168,0.198,4.08,,8,,,,,,Marilao,185
144,Marilao River,MAR-4,4,Tabing ilog Bridge Brgy. Tabing Ilog Marilao Bulacan,14.760644,120.949747,2014-05-07,12:09,2014-05,2014,5,dry,pre_DAO_2016_08,0.15,7.45,,72,14,,,54000000,,7.7324,14.29,0.214,4.228,,8,,,,,,Marilao,186
145,Marilao River,MAR-5,5,Ibayo Bridge Brgy. Ibayo Marilao Bulacan,14.75435,120.951011,2014-05-07,12:27,2014-05,2014,5,dry,pre_DAO_2016_08,0.15,7.5,,61,19,,,5400000,,6.7324,22.682,0.233,3.911,,8,,,,,,Marilao,187
146,Marilao River,MAR-1,1,Marilao Caloocan Bridge DECA Homes Marilao Bulacan,14.779431,121.027178,2014-06-04,10:40,2014-06,2014,6,wet,pre_DAO_2016_08,3.1,8.42,,6,8,,,9200000,,6.9638,11.248,0.196,1.249,,8,,,,,,Marilao,189
147,Marilao River,MAR-2,2,Prenza Dam Brgy. Prenza II Marilao Bulacan,14.781331,120.997867,2014-06-04,11:25,2014-06,2014,6,wet,pre_DAO_2016_08,3.2,7.76,,2,7,,,490000,,5.6902,6.772,0.159,0.79,,8,,,,,,Marilao,190
148,Marilao River,MAR-3,3,"Expressway Bridge Brgy. Patubig Marilao, Bulacan",14.771083,120.958769,2014-06-04,11:53,2014-06,2014,6,wet,pre_DAO_2016_08,0.37,7.57,,16,12,,,3500000,,6.5441,11.948,0.429,1.542,,8,,,,,,Marilao,191
149,Marilao River,MAR-4,4,Tabing ilog Bridge Brgy. Tabing Ilog Marilao Bulacan,14.760644,120.949747,2014-06-04,12:20,2014-06,2014,6,wet,pre_DAO_2016_08,0.29,7.52,,6,14,,,5400000,,6.7324,13.115,0.324,1.564,,8,,,,,,Marilao,192
150,Marilao River,MAR-5,5,Ibayo Bridge Brgy. Ibayo Marilao Bulacan,14.75435,120.951011,2014-06-04,12:41,2014-06,2014,6,wet,pre_DAO_2016_08,0.32,7.41,,10,7,,,5400000,,6.7324,14.19,0.334,1.457,,8,,,,,,Marilao,193
151,Marilao River,MAR-1,1,Marilao Caloocan Bridge DECA Homes Marilao Bulacan,14.779431,121.027178,2014-07-02,10:40,2014-07,2014,7,wet,pre_DAO_2016_08,2.1,7.88,,11,7,,,5400000,,6.7324,17.972,0.191,2.269,,8,,,,,,Marilao,195
152,Marilao River,MAR-2,2,Prenza Dam Brgy. Prenza II Marilao Bulacan,14.781331,120.997867,2014-07-02,11:05,2014-07,2014,7,wet,pre_DAO_2016_08,2.2,7.75,,12,8,,,11000000,,7.0414,26.533,0.15,2.145,,8,,,,,,Marilao,196
153,Marilao River,MAR-3,3,"Expressway Bridge Brgy. Patubig Marilao, Bulacan",14.771083,120.958769,2014-07-02,11:43,2014-07,2014,7,wet,pre_DAO_2016_08,1.1,7.54,,18,8,,,1700000,,6.2304,25.61,0.146,2.135,,8,,,,,,Marilao,197
154,Marilao River,MAR-4,4,Tabing ilog Bridge Brgy. Tabing Ilog Marilao Bulacan,14.760644,120.949747,2014-07-02,12:09,2014-07,2014,7,wet,pre_DAO_2016_08,0.29,7.69,,25,11,,,16000000,,7.2041,23.153,0.147,2.068,,8,,,,,,Marilao,198
155,Marilao River,MAR-5,5,Ibayo Bridge Brgy. Ibayo Marilao Bulacan,14.75435,120.951011,2014-07-02,12:25,2014-07,2014,7,wet,pre_DAO_2016_08,0.11,7.6,,27,9,,,5400000,,6.7324,15.713,0.144,2.005,,8,,,,,,Marilao,199
156,Marilao River,MAR-1,1,Marilao Caloocan Bridge DECA Homes Marilao Bulacan,14.779431,121.027178,2014-08-07,11:03,2014-08,2014,8,wet,pre_DAO_2016_08,2.5,7.97,,5,9,,,330000,,5.5185,10.978,1.223,1.865,,8,,,,nitrate_n_mg_l(high),,Marilao,201
157,Marilao River,MAR-2,2,Prenza Dam Brgy. Prenza II Marilao Bulacan,14.781331,120.997867,2014-08-07,11:28,2014-08,2014,8,wet,pre_DAO_2016_08,3.2,7.68,,4,28,,,330000,,5.5185,7.474,1.496,1.764,,8,,,,nitrate_n_mg_l(high),,Marilao,202
158,Marilao River,MAR-3,3,"Expressway Bridge Brgy. Patubig Marilao, Bulacan",14.771083,120.958769,2014-08-07,11:52,2014-08,2014,8,wet,pre_DAO_2016_08,0.26,7.31,,25,10,,,790000,,5.8976,10.237,1.052,2.056,,8,,,,,,Marilao,203
159,Marilao River,MAR-4,4,Tabing ilog Bridge Brgy. Tabing Ilog Marilao Bulacan,14.760644,120.949747,2014-08-07,12:15,2014-08,2014,8,wet,pre_DAO_2016_08,0.37,7.62,,27,17,,,330000,,5.5185,9.838,0.893,2.095,,8,,,,,,Marilao,204
160,Marilao River,MAR-5,5,Ibayo Bridge Brgy. Ibayo Marilao Bulacan,14.75435,120.951011,2014-08-07,12:30,2014-08,2014,8,wet,pre_DAO_2016_08,0.3,7.61,,25,21,,,490000,,5.6902,11.819,1.038,2.272,,8,,,,,,Marilao,205
161,Marilao River,MAR-1,1,Marilao Caloocan Bridge DECA Homes Marilao Bulacan,14.779431,121.027178,2014-09-03,11:50,2014-09,2014,9,wet,pre_DAO_2016_08,3.2,8.1,,7,9,,,920000,,5.9638,10.042,0.763,0.113,,8,,,,,,Marilao,207
162,Marilao River,MAR-2,2,Prenza Dam Brgy. Prenza II Marilao Bulacan,14.781331,120.997867,2014-09-03,12:15,2014-09,2014,9,wet,pre_DAO_2016_08,3.1,7.9,,7,12,,,350000,,5.5441,6.969,0.74,0.125,,8,,,,,,Marilao,208
163,Marilao River,MAR-3,3,"Expressway Bridge Brgy. Patubig Marilao, Bulacan",14.771083,120.958769,2014-09-03,12:40,2014-09,2014,9,wet,pre_DAO_2016_08,0.58,7.81,,11,11,,,350000,,5.5441,20.412,0.851,0.169,,8,,,,,,Marilao,209
164,Marilao River,MAR-4,4,Tabing ilog Bridge Brgy. Tabing Ilog Marilao Bulacan,14.760644,120.949747,2014-09-03,13:09,2014-09,2014,9,wet,pre_DAO_2016_08,0.73,7.53,,21,11,,,350000,,5.5441,10.979,0.9,0.173,,8,,,,,,Marilao,210
165,Marilao River,MAR-5,5,Ibayo Bridge Brgy. Ibayo Marilao Bulacan,14.75435,120.951011,2014-09-03,13:30,2014-09,2014,9,wet,pre_DAO_2016_08,0.92,7.9,,12,14,,,170000,,5.2304,18.603,0.99,0.163,,8,,,,total_coliform_mpn_100ml(low),,Marilao,211
166,Marilao River,MAR-1,1,Marilao Caloocan Bridge DECA Homes Marilao Bulacan,14.779431,121.027178,2014-10-16,11:01,2014-10,2014,10,wet,pre_DAO_2016_08,3.8,7.89,,8,26,,,2400000,,6.3802,11.25,1.656,0.764,,8,,,,nitrate_n_mg_l(high),,Marilao,213
167,Marilao River,MAR-2,2,Prenza Dam Brgy. Prenza II Marilao Bulacan,14.781331,120.997867,2014-10-16,11:30,2014-10,2014,10,wet,pre_DAO_2016_08,3.52,7.73,,7,10,,,350000,,5.5441,13.441,1.194,0.906,,8,,,,nitrate_n_mg_l(high),,Marilao,214
168,Marilao River,MAR-3,3,"Expressway Bridge Brgy. Patubig Marilao, Bulacan",14.771083,120.958769,2014-10-16,11:55,2014-10,2014,10,wet,pre_DAO_2016_08,2.3,7.91,,7,23,,,210000,,5.3222,16.879,0.865,0.999,,8,,,,total_coliform_mpn_100ml(low),,Marilao,215
169,Marilao River,MAR-4,4,Tabing ilog Bridge Brgy. Tabing Ilog Marilao Bulacan,14.760644,120.949747,2014-10-16,12:16,2014-10,2014,10,wet,pre_DAO_2016_08,2.5,7.79,,7,30,,,240000,,5.3802,17.223,1.065,0.591,,8,,,,total_coliform_mpn_100ml(low);nitrate_n_mg_l(high),,Marilao,216
170,Marilao River,MAR-5,5,Ibayo Bridge Brgy. Ibayo Marilao Bulacan,14.75435,120.951011,2014-10-16,12:39,2014-10,2014,10,wet,pre_DAO_2016_08,2.9,7.78,,7,35,,,540000,,5.7324,10.863,1.191,0.888,,8,,,,nitrate_n_mg_l(high),,Marilao,217
171,Marilao River,MAR-1,1,Marilao Caloocan Bridge DECA Homes Marilao Bulacan,14.779431,121.027178,2014-11-12,10:45,2014-11,2014,11,wet,pre_DAO_2016_08,2.94,8.09,,23,9,,,1700000,,6.2304,20.374,0.384,3.115,,8,,,,,,Marilao,219
172,Marilao River,MAR-2,2,Prenza Dam Brgy. Prenza II Marilao Bulacan,14.781331,120.997867,2014-11-12,11:08,2014-11,2014,11,wet,pre_DAO_2016_08,2.57,7.97,,31,11,,,5400000,,6.7324,23.544,0.476,2.958,,8,,,,,,Marilao,220
173,Marilao River,MAR-3,3,"Expressway Bridge Brgy. Patubig Marilao, Bulacan",14.771083,120.958769,2014-11-12,11:38,2014-11,2014,11,wet,pre_DAO_2016_08,0.1,7.59,,42,14,,,920000,,5.9638,22.511,0.706,3.881,,8,,,,,,Marilao,221
174,Marilao River,MAR-4,4,Tabing ilog Bridge Brgy. Tabing Ilog Marilao Bulacan,14.760644,120.949747,2014-11-12,12:01,2014-11,2014,11,wet,pre_DAO_2016_08,0.06,7.72,,36,11,,,3500000,,6.5441,21.893,0.385,3.966,,8,,,,,,Marilao,222
175,Marilao River,MAR-5,5,Ibayo Bridge Brgy. Ibayo Marilao Bulacan,14.75435,120.951011,2014-11-12,12:17,2014-11,2014,11,wet,pre_DAO_2016_08,0.03,7.77,,42,13,,,2400000,,6.3802,17.407,0.616,3.682,,8,,,,,,Marilao,223
176,Marilao River,MAR-1,1,Marilao Caloocan Bridge DECA Homes Marilao Bulacan,14.779431,121.027178,2014-12-04,10:01,2014-12,2014,12,dry,pre_DAO_2016_08,2.41,7.78,,17,15,,,3500000,,6.5441,22.302,0.024,2.548,,8,nitrate_n_mg_l(<0.048),,,,,Marilao,225
177,Marilao River,MAR-2,2,Prenza Dam Brgy. Prenza II Marilao Bulacan,14.781331,120.997867,2014-12-04,10:22,2014-12,2014,12,dry,pre_DAO_2016_08,1.6,7.77,,13,12,,,3500000,,6.5441,22.705,0.024,2.867,,8,nitrate_n_mg_l(<0.048),,,,,Marilao,226
178,Marilao River,MAR-3,3,"Expressway Bridge Brgy. Patubig Marilao, Bulacan",14.771083,120.958769,2014-12-04,10:51,2014-12,2014,12,dry,pre_DAO_2016_08,0.37,7.82,,36,14,,,5400000,,6.7324,27.358,0.024,3.631,,8,nitrate_n_mg_l(<0.048),,,,,Marilao,227
179,Marilao River,MAR-4,4,Tabing ilog Bridge Brgy. Tabing Ilog Marilao Bulacan,14.760644,120.949747,2014-12-04,11:24,2014-12,2014,12,dry,pre_DAO_2016_08,0.15,7.84,,42,11,,,3500000,,6.5441,29.656,0.024,4.287,,8,nitrate_n_mg_l(<0.048),,,,,Marilao,228
180,Marilao River,MAR-5,5,Ibayo Bridge Brgy. Ibayo Marilao Bulacan,14.75435,120.951011,2014-12-04,11:43,2014-12,2014,12,dry,pre_DAO_2016_08,0.1,7.79,,35,16,,,3500000,,6.5441,27.89,0.024,3.637,,8,nitrate_n_mg_l(<0.048),,,,,Marilao,229
181,Marilao River,MAR-1,1,Marilao Caloocan Bridge DECA Homes Marilao Bulacan,14.779431,121.027178,2015-01-14,11:58,2015-01,2015,1,dry,pre_DAO_2016_08,2.61,7.86,,25,14,,,5400000,,6.7324,24.859,0.024,2.11,,8,nitrate_n_mg_l(<0.048),,,,,Marilao,231
182,Marilao River,MAR-2,2,Prenza Dam Brgy. Prenza II Marilao Bulacan,14.781331,120.997867,2015-01-14,12:21,2015-01,2015,1,dry,pre_DAO_2016_08,2.9,7.83,,25,13,,,3500000,,6.5441,27.823,0.024,2.018,,8,nitrate_n_mg_l(<0.048),,,,,Marilao,232
183,Marilao River,MAR-3,3,"Expressway Bridge Brgy. Patubig Marilao, Bulacan",14.771083,120.958769,2015-01-14,12:53,2015-01,2015,1,dry,pre_DAO_2016_08,0.53,7.71,,39,16,,,1100000,,6.0414,28.775,0.024,3.337,,8,nitrate_n_mg_l(<0.048),,,,,Marilao,233
184,Marilao River,MAR-4,4,Tabing ilog Bridge Brgy. Tabing Ilog Marilao Bulacan,14.760644,120.949747,2015-01-14,13:21,2015-01,2015,1,dry,pre_DAO_2016_08,0.81,7.72,,32,13,,,2200000,,6.3424,30.51,0.024,3.155,,8,nitrate_n_mg_l(<0.048),,,,,Marilao,234
185,Marilao River,MAR-5,5,Ibayo Bridge Brgy. Ibayo Marilao Bulacan,14.75435,120.951011,2015-01-14,13:40,2015-01,2015,1,dry,pre_DAO_2016_08,0.61,7.7,,35,10,,,5400000,,6.7324,28.963,0.024,3.14,,8,nitrate_n_mg_l(<0.048),,,,,Marilao,235
186,Marilao River,MAR-1,1,Marilao Caloocan Bridge DECA Homes Marilao Bulacan,14.779431,121.027178,2015-02-26,11:03,2015-02,2015,2,dry,pre_DAO_2016_08,3.21,7.9,,31,14,,,16000000,,7.2041,31.429,0.093,4.543,,8,,,,,,Marilao,237
187,Marilao River,MAR-2,2,Prenza Dam Brgy. Prenza II Marilao Bulacan,14.781331,120.997867,2015-02-26,11:27,2015-02,2015,2,dry,pre_DAO_2016_08,3.49,7.73,,27,12,,,3500000,,6.5441,32.272,0.166,4.506,,8,,,,,,Marilao,238
188,Marilao River,MAR-3,3,"Expressway Bridge Brgy. Patubig Marilao, Bulacan",14.771083,120.958769,2015-02-26,11:50,2015-02,2015,2,dry,pre_DAO_2016_08,0.24,7.71,,33,14,,,3500000,,6.5441,28.09,0.156,5.535,,8,,,,,,Marilao,239
189,Marilao River,MAR-4,4,Tabing ilog Bridge Brgy. Tabing Ilog Marilao Bulacan,14.760644,120.949747,2015-02-26,12:12,2015-02,2015,2,dry,pre_DAO_2016_08,0.1,7.67,,51,12,,,16000000,,7.2041,35.385,0.145,5.22,,8,,,,,,Marilao,240
190,Marilao River,MAR-5,5,Ibayo Bridge Brgy. Ibayo Marilao Bulacan,14.75435,120.951011,2015-02-26,12:33,2015-02,2015,2,dry,pre_DAO_2016_08,0.12,7.34,,39,11,,,9200000,,6.9638,29.015,0.146,5.194,,8,,,,,,Marilao,241
191,Marilao River,MAR-1,1,Marilao Caloocan Bridge DECA Homes Marilao Bulacan,14.779431,121.027178,2015-03-19,12:31,2015-03,2015,3,dry,pre_DAO_2016_08,1.8,8.19,,21,9,,,5400000,,6.7324,31.045,0.53,2.11,,8,,,,,,Marilao,243
192,Marilao River,MAR-2,2,Prenza Dam Brgy. Prenza II Marilao Bulacan,14.781331,120.997867,2015-03-19,12:53,2015-03,2015,3,dry,pre_DAO_2016_08,2.1,8.16,,20,12,,,9200000,,6.9638,29.895,0.581,1.58,,8,,,,,,Marilao,244
193,Marilao River,MAR-3,3,"Expressway Bridge Brgy. Patubig Marilao, Bulacan",14.771083,120.958769,2015-03-19,13:15,2015-03,2015,3,dry,pre_DAO_2016_08,0.51,7.78,,43,20,,,3500000,,6.5441,28.709,0.271,3.631,,8,,,,,,Marilao,245
194,Marilao River,MAR-4,4,Tabing ilog Bridge Brgy. Tabing Ilog Marilao Bulacan,14.760644,120.949747,2015-03-19,13:36,2015-03,2015,3,dry,pre_DAO_2016_08,0.6,7.81,,55,15,,,5400000,,6.7324,31.649,0.271,3.452,,8,,,,,,Marilao,246
195,Marilao River,MAR-5,5,Ibayo Bridge Brgy. Ibayo Marilao Bulacan,14.75435,120.951011,2015-03-19,13:52,2015-03,2015,3,dry,pre_DAO_2016_08,0.54,7.84,,39,11,,,9200000,,6.9638,26.92,0.27,3.423,,8,,,,,,Marilao,247
196,Marilao River,MAR-1,1,Marilao Caloocan Bridge DECA Homes Marilao Bulacan,14.779431,121.027178,2015-04-23,11:01,2015-04,2015,4,dry,pre_DAO_2016_08,1.72,8.01,,48,41,,,3500000,,6.5441,27.647,0.439,2.654,,8,,,,,,Marilao,249
197,Marilao River,MAR-2,2,Prenza Dam Brgy. Prenza II Marilao Bulacan,14.781331,120.997867,2015-04-23,11:25,2015-04,2015,4,dry,pre_DAO_2016_08,2.15,7.94,,23,24,,,2400000,,6.3802,23.973,0.42,3.021,,8,,,,,,Marilao,250
198,Marilao River,MAR-3,3,"Expressway Bridge Brgy. Patubig Marilao, Bulacan",14.771083,120.958769,2015-04-23,11:50,2015-04,2015,4,dry,pre_DAO_2016_08,0.4,7.79,,59,45,,,5400000,,6.7324,33.045,0.289,3.877,,8,,,,,,Marilao,251
199,Marilao River,MAR-4,4,Tabing ilog Bridge Brgy. Tabing Ilog Marilao Bulacan,14.760644,120.949747,2015-04-23,12:19,2015-04,2015,4,dry,pre_DAO_2016_08,0.35,7.82,,44,35,,,3500000,,6.5441,23.288,0.623,4.068,,8,,,,,,Marilao,252
200,Marilao River,MAR-5,5,Ibayo Bridge Brgy. Ibayo Marilao Bulacan,14.75435,120.951011,2015-04-23,12:40,2015-04,2015,4,dry,pre_DAO_2016_08,0.25,7.81,,58,52,,,3500000,,6.5441,32.36,0.298,3.893,,8,,,,tss_mg_l(high),,Marilao,253
201,Marilao River,MAR-1,1,Marilao Caloocan Bridge DECA Homes Marilao Bulacan,14.779431,121.027178,2015-05-14,11:05,2015-05,2015,5,dry,pre_DAO_2016_08,3.02,7.11,,36,39,,,16000000,,7.2041,14.546,0.398,2.371,,8,,,,,,Marilao,255
202,Marilao River,MAR-2,2,Prenza Dam Brgy. Prenza II Marilao Bulacan,14.781331,120.997867,2015-05-14,11:26,2015-05,2015,5,dry,pre_DAO_2016_08,2.41,6.92,,29,26,,,3500000,,6.5441,14.08,0.395,2.35,,8,,,,,,Marilao,256
203,Marilao River,MAR-3,3,"Expressway Bridge Brgy. Patubig Marilao, Bulacan",14.771083,120.958769,2015-05-14,11:48,2015-05,2015,5,dry,pre_DAO_2016_08,0.15,6.8,,61,54,,,3500000,,6.5441,21.763,0.41,3.805,,8,,,,tss_mg_l(high),,Marilao,257
204,Marilao River,MAR-4,4,Tabing ilog Bridge Brgy. Tabing Ilog Marilao Bulacan,14.760644,120.949747,2015-05-14,12:17,2015-05,2015,5,dry,pre_DAO_2016_08,0.14,6.81,,111,81,,,16000000,,7.2041,20.226,0.32,3.623,,8,,,,bod_mg_l(high);tss_mg_l(high),,Marilao,258
205,Marilao River,MAR-5,5,Ibayo Bridge Brgy. Ibayo Marilao Bulacan,14.75435,120.951011,2015-05-14,12:37,2015-05,2015,5,dry,pre_DAO_2016_08,0.1,6.8,,86,52,,,3500000,,6.5441,23.279,0.26,3.832,,8,,,,bod_mg_l(high);tss_mg_l(high),,Marilao,259
206,Marilao River,MAR-1,1,Marilao Caloocan Bridge DECA Homes Marilao Bulacan,14.779431,121.027178,2015-06-04,10:48,2015-06,2015,6,wet,pre_DAO_2016_08,2.2,7.17,,26,22,,,16000000,,7.2041,61.906,0.024,4.565,,8,nitrate_n_mg_l(<0.048),,,ammonia_mg_l(high),,Marilao,261
207,Marilao River,MAR-2,2,Prenza Dam Brgy. Prenza II Marilao Bulacan,14.781331,120.997867,2015-06-04,11:12,2015-06,2015,6,wet,pre_DAO_2016_08,2.6,7.1,,33,26,,,160000000,,8.2041,59.489,0.024,4.631,,8,nitrate_n_mg_l(<0.048),,,total_coliform_mpn_100ml(high);ammonia_mg_l(high),,Marilao,262
208,Marilao River,MAR-3,3,"Expressway Bridge Brgy. Patubig Marilao, Bulacan",14.771083,120.958769,2015-06-04,11:40,2015-06,2015,6,wet,pre_DAO_2016_08,0.512,7.22,,43,29,,,5400000,,6.7324,27.715,0.26,6.315,,8,,,,,,Marilao,263
209,Marilao River,MAR-4,4,Tabing ilog Bridge Brgy. Tabing Ilog Marilao Bulacan,14.760644,120.949747,2015-06-04,12:01,2015-06,2015,6,wet,pre_DAO_2016_08,0.45,7.05,,51,43,,,3500000,,6.5441,27.933,0.511,6.687,,8,,,,,,Marilao,264
210,Marilao River,MAR-5,5,Ibayo Bridge Brgy. Ibayo Marilao Bulacan,14.75435,120.951011,2015-06-04,12:15,2015-06,2015,6,wet,pre_DAO_2016_08,0.3,7.12,,46,42,,,16000000,,7.2041,22.29,0.142,5.412,,8,,,,,,Marilao,265
211,Marilao River,MAR-1,1,Marilao Caloocan Bridge DECA Homes Marilao Bulacan,14.779431,121.027178,2015-07-23,11:05,2015-07,2015,7,wet,pre_DAO_2016_08,3.2,7.82,,11,26,,,9200000,,6.9638,10.839,0.629,0.916,,8,,,,,,Marilao,267
212,Marilao River,MAR-2,2,Prenza Dam Brgy. Prenza II Marilao Bulacan,14.781331,120.997867,2015-07-23,11:31,2015-07,2015,7,wet,pre_DAO_2016_08,2.3,7.8,,10,30,,,5400000,,6.7324,11.286,0.752,1.011,,8,,,,,,Marilao,268
213,Marilao River,MAR-3,3,"Expressway Bridge Brgy. Patubig Marilao, Bulacan",14.771083,120.958769,2015-07-23,12:05,2015-07,2015,7,wet,pre_DAO_2016_08,0.76,7.81,,37,33,,,9200000,,6.9638,11.267,0.051,1.322,,8,,,,,,Marilao,269
214,Marilao River,MAR-4,4,Tabing ilog Bridge Brgy. Tabing Ilog Marilao Bulacan,14.760644,120.949747,2015-07-23,12:30,2015-07,2015,7,wet,pre_DAO_2016_08,0.61,7.91,,32,33,,,16000000,,7.2041,7.654,0.137,1.222,,8,,,,,,Marilao,270
215,Marilao River,MAR-5,5,Ibayo Bridge Brgy. Ibayo Marilao Bulacan,14.75435,120.951011,2015-07-23,12:49,2015-07,2015,7,wet,pre_DAO_2016_08,0.35,7.77,,22,31,,,35000000,,7.5441,11.273,0.074,1.1,,8,,,,,,Marilao,271
216,Marilao River,MAR-1,1,Marilao Caloocan Bridge DECA Homes Marilao Bulacan,14.779431,121.027178,2015-08-19,13:15,2015-08,2015,8,wet,pre_DAO_2016_08,3.2,7.62,,22,22,,,3500000,,6.5441,8.996,0.109,1.403,,8,,,,,,Marilao,273
217,Marilao River,MAR-2,2,Prenza Dam Brgy. Prenza II Marilao Bulacan,14.781331,120.997867,2015-08-19,13:36,2015-08,2015,8,wet,pre_DAO_2016_08,3.01,7.42,,33,28,,,3500000,,6.5441,7.805,0.132,1.417,,8,,,,,,Marilao,274
218,Marilao River,MAR-3,3,"Expressway Bridge Brgy. Patubig Marilao, Bulacan",14.771083,120.958769,2015-08-19,13:56,2015-08,2015,8,wet,pre_DAO_2016_08,1.4,7.49,,50,44,,,9200000,,6.9638,11.279,0.165,4.514,,8,,,,,,Marilao,275
219,Marilao River,MAR-4,4,Tabing ilog Bridge Brgy. Tabing Ilog Marilao Bulacan,14.760644,120.949747,2015-08-19,14:25,2015-08,2015,8,wet,pre_DAO_2016_08,1.55,6.96,,66,54,,,2200000,,6.3424,8.783,0.157,2.545,,8,,,,tss_mg_l(high),,Marilao,276
220,Marilao River,MAR-5,5,Ibayo Bridge Brgy. Ibayo Marilao Bulacan,14.75435,120.951011,2015-08-19,14:46,2015-08,2015,8,wet,pre_DAO_2016_08,1.45,6.92,,24,24,,,2400000,,6.3802,7.081,0.214,1.97,,8,,,,,,Marilao,277
221,Marilao River,MAR-1,1,Marilao Caloocan Bridge DECA Homes Marilao Bulacan,14.779431,121.027178,2015-09-09,10:51,2015-09,2015,9,wet,pre_DAO_2016_08,3.45,7.18,,16,22,,,3500000,,6.5441,6.966,1.013,1.091,,8,,,,,,Marilao,279
222,Marilao River,MAR-2,2,Prenza Dam Brgy. Prenza II Marilao Bulacan,14.781331,120.997867,2015-09-09,11:15,2015-09,2015,9,wet,pre_DAO_2016_08,3.6,7.09,,9,31,,,5400000,,6.7324,5.821,1.338,1.02,,8,,,,nitrate_n_mg_l(high),,Marilao,280
223,Marilao River,MAR-3,3,"Expressway Bridge Brgy. Patubig Marilao, Bulacan",14.771083,120.958769,2015-09-09,11:37,2015-09,2015,9,wet,pre_DAO_2016_08,2.15,6.95,,11,36,,,540000,,5.7324,3.189,1.658,0.897,,8,,,,nitrate_n_mg_l(high),,Marilao,281
224,Marilao River,MAR-4,4,Tabing ilog Bridge Brgy. Tabing Ilog Marilao Bulacan,14.760644,120.949747,2015-09-09,11:58,2015-09,2015,9,wet,pre_DAO_2016_08,2.18,6.98,,19,44,,,240000,,5.3802,3.252,1.664,0.983,,8,,,,total_coliform_mpn_100ml(low);nitrate_n_mg_l(high),,Marilao,282
225,Marilao River,MAR-5,5,Ibayo Bridge Brgy. Ibayo Marilao Bulacan,14.75435,120.951011,2015-09-09,12:19,2015-09,2015,9,wet,pre_DAO_2016_08,2.09,6.97,,12,48,,,1600000,,6.2041,3.007,1.737,0.906,,8,,,,nitrate_n_mg_l(high),,Marilao,283
226,Marilao River,MAR-1,1,Marilao Caloocan Bridge DECA Homes Marilao Bulacan,14.779431,121.027178,2015-10-15,10:01,2015-10,2015,10,wet,pre_DAO_2016_08,2.8,8.25,,23,3,,,160000000,,8.2041,16.47,0.024,1.759,,8,nitrate_n_mg_l(<0.048),,,total_coliform_mpn_100ml(high),,Marilao,285
227,Marilao River,MAR-2,2,Prenza Dam Brgy. Prenza II Marilao Bulacan,14.781331,120.997867,2015-10-15,10:25,2015-10,2015,10,wet,pre_DAO_2016_08,2.6,8.13,,9,6,,,1600000,,6.2041,12.45,0.101,1.621,,8,,,,,,Marilao,286
228,Marilao River,MAR-3,3,"Expressway Bridge Brgy. Patubig Marilao, Bulacan",14.771083,120.958769,2015-10-15,10:48,2015-10,2015,10,wet,pre_DAO_2016_08,0.57,7.77,,13,4,,,3500000,,6.5441,11.904,0.024,1.529,,8,nitrate_n_mg_l(<0.048),,,,,Marilao,287
229,Marilao River,MAR-4,4,Tabing ilog Bridge Brgy. Tabing Ilog Marilao Bulacan,14.760644,120.949747,2015-10-15,11:12,2015-10,2015,10,wet,pre_DAO_2016_08,0.29,7.6,,23,6,,,16000000,,7.2041,12.598,0.051,1.842,,8,,,,,,Marilao,288
230,Marilao River,MAR-5,5,Ibayo Bridge Brgy. Ibayo Marilao Bulacan,14.75435,120.951011,2015-10-15,11:30,2015-10,2015,10,wet,pre_DAO_2016_08,0.2,7.74,,19,5,,,3500000,,6.5441,14.149,0.061,1.784,,8,,,,,,Marilao,289
231,Marilao River,MAR-1,1,Marilao Caloocan Bridge DECA Homes Marilao Bulacan,14.779431,121.027178,2015-11-05,10:45,2015-11,2015,11,wet,pre_DAO_2016_08,2.3,7.99,,17,8,,,3500000,,6.5441,18.175,0.266,2.125,,8,,,,,,Marilao,291
232,Marilao River,MAR-2,2,Prenza Dam Brgy. Prenza II Marilao Bulacan,14.781331,120.997867,2015-11-05,11:09,2015-11,2015,11,wet,pre_DAO_2016_08,2.7,7.3,,18,7,,,3500000,,6.5441,16.817,0.117,2.091,,8,,,,,,Marilao,292
233,Marilao River,MAR-3,3,"Expressway Bridge Brgy. Patubig Marilao, Bulacan",14.771083,120.958769,2015-11-05,11:30,2015-11,2015,11,wet,pre_DAO_2016_08,0.79,7.57,,116,7,,,1600000,,6.2041,20.781,0.095,2.637,,8,,,,bod_mg_l(high),,Marilao,293
234,Marilao River,MAR-4,4,Tabing ilog Bridge Brgy. Tabing Ilog Marilao Bulacan,14.760644,120.949747,2015-11-05,11:52,2015-11,2015,11,wet,pre_DAO_2016_08,0.43,7.62,,27,6,,,3500000,,6.5441,25.294,0.149,2.677,,8,,,,,,Marilao,294
235,Marilao River,MAR-5,5,Ibayo Bridge Brgy. Ibayo Marilao Bulacan,14.75435,120.951011,2015-11-05,12:10,2015-11,2015,11,wet,pre_DAO_2016_08,0.23,7.8,,29,10,,,1600000,,6.2041,23.184,0.14,2.614,,8,,,,,,Marilao,295
236,Marilao River,MAR-1,1,Marilao Caloocan Bridge DECA Homes Marilao Bulacan,14.779431,121.027178,2015-12-02,10:40,2015-12,2015,12,dry,pre_DAO_2016_08,2.35,8.27,,29,12,,,9200000,,6.9638,24.029,0.184,2.434,,8,,,,,,Marilao,297
237,Marilao River,MAR-2,2,Prenza Dam Brgy. Prenza II Marilao Bulacan,14.781331,120.997867,2015-12-02,10:59,2015-12,2015,12,dry,pre_DAO_2016_08,1.67,8.17,,24,8,,,3500000,,6.5441,25.356,0.076,2.225,,8,,,,,,Marilao,298
238,Marilao River,MAR-3,3,"Expressway Bridge Brgy. Patubig Marilao, Bulacan",14.771083,120.958769,2015-12-02,11:21,2015-12,2015,12,dry,pre_DAO_2016_08,0.58,7.45,,38,17,,,3500000,,6.5441,31.721,0.024,3.939,,8,nitrate_n_mg_l(<0.048),,,,,Marilao,299
239,Marilao River,MAR-4,4,Tabing ilog Bridge Brgy. Tabing Ilog Marilao Bulacan,14.760644,120.949747,2015-12-02,11:55,2015-12,2015,12,dry,pre_DAO_2016_08,0.42,7.67,,36,17,,,5400000,,6.7324,33.087,0.024,3.857,,8,nitrate_n_mg_l(<0.048),,,,,Marilao,300
240,Marilao River,MAR-5,5,Ibayo Bridge Brgy. Ibayo Marilao Bulacan,14.75435,120.951011,2015-12-02,12:15,2015-12,2015,12,dry,pre_DAO_2016_08,0.26,7.61,,26,14,,,3500000,,6.5441,32.705,0.024,3.899,,8,nitrate_n_mg_l(<0.048),,,,,Marilao,301
241,Marilao River,MAR-1,1,Marilao Caloocan Bridge DECA Homes Marilao Bulacan,14.779431,121.027178,2016-01-21,10:49,2016-01,2016,1,dry,pre_DAO_2016_08,2.71,8.35,,28,17,,,2400000,,6.3802,20.367,0.186,1.503,,8,,,,,,Marilao,303
242,Marilao River,MAR-2,2,Prenza Dam Brgy. Prenza II Marilao Bulacan,14.781331,120.997867,2016-01-21,11:08,2016-01,2016,1,dry,pre_DAO_2016_08,2.91,8.33,,25,16,,,5400000,,6.7324,16.622,0.209,3.049,,8,,,,,,Marilao,304
243,Marilao River,MAR-3,3,"Expressway Bridge Brgy. Patubig Marilao, Bulacan",14.771083,120.958769,2016-01-21,11:35,2016-01,2016,1,dry,pre_DAO_2016_08,0.39,7.77,,33,18,,,5400000,,6.7324,30.258,0.05,3.338,,8,,,,,,Marilao,305
244,Marilao River,MAR-4,4,Tabing ilog Bridge Brgy. Tabing Ilog Marilao Bulacan,14.760644,120.949747,2016-01-21,12:02,2016-01,2016,1,dry,pre_DAO_2016_08,0.21,7.88,,75,17,,,3100000,,6.4914,27.73,0.024,3.475,,8,nitrate_n_mg_l(<0.048),,,,,Marilao,306
245,Marilao River,MAR-5,5,Ibayo Bridge Brgy. Ibayo Marilao Bulacan,14.75435,120.951011,2016-01-21,12:20,2016-01,2016,1,dry,pre_DAO_2016_08,0.18,8.02,,33,17,,,2400000,,6.3802,25.885,0.098,3.685,,8,,,,,,Marilao,307
246,Marilao River,MAR-1,1,Marilao Caloocan Bridge DECA Homes Marilao Bulacan,14.779431,121.027178,2016-02-18,10:49,2016-02,2016,2,dry,pre_DAO_2016_08,2.41,8.31,,26,4,,,16000000,,7.2041,24.298,0.311,2.523,,8,,,,,,Marilao,309
247,Marilao River,MAR-2,2,Prenza Dam Brgy. Prenza II Marilao Bulacan,14.781331,120.997867,2016-02-18,11:08,2016-02,2016,2,dry,pre_DAO_2016_08,2.52,8.37,,23,7,,,5400000,,6.7324,23.384,0.613,2.576,,8,,,,,,Marilao,310
248,Marilao River,MAR-3,3,"Expressway Bridge Brgy. Patubig Marilao, Bulacan",14.771083,120.958769,2016-02-18,11:35,2016-02,2016,2,dry,pre_DAO_2016_08,0.98,8.11,,40,9,,,9200000,,6.9638,26.907,0.203,4.25,,8,,,,,,Marilao,311
249,Marilao River,MAR-4,4,Tabing ilog Bridge Brgy. Tabing Ilog Marilao Bulacan,14.760644,120.949747,2016-02-18,12:02,2016-02,2016,2,dry,pre_DAO_2016_08,0.76,8.21,,41,8,,,5400000,,6.7324,28.632,0.024,4.125,,8,nitrate_n_mg_l(<0.048),,,,,Marilao,312
250,Marilao River,MAR-5,5,Ibayo Bridge Brgy. Ibayo Marilao Bulacan,14.75435,120.951011,2016-02-18,12:20,2016-02,2016,2,dry,pre_DAO_2016_08,0.51,8.13,,36,10,,,5400000,,6.7324,31.974,0.024,4.32,,8,nitrate_n_mg_l(<0.048),,,,,Marilao,313
251,Marilao River,MAR-1,1,Marilao Caloocan Bridge DECA Homes Marilao Bulacan,14.779431,121.027178,2016-03-09,12:18,2016-03,2016,3,dry,pre_DAO_2016_08,2.52,6.95,,40,4,,,9200000,,6.9638,34.531,0.177,2.225,,8,,,,,,Marilao,315
252,Marilao River,MAR-2,2,Prenza Dam Brgy. Prenza II Marilao Bulacan,14.781331,120.997867,2016-03-09,12:39,2016-03,2016,3,dry,pre_DAO_2016_08,2.19,6.89,,31,4,,,16000000,,7.2041,28.282,0.274,2.272,,8,,,,,,Marilao,316
253,Marilao River,MAR-3,3,"Expressway Bridge Brgy. Patubig Marilao, Bulacan",14.771083,120.958769,2016-03-09,12:59,2016-03,2016,3,dry,pre_DAO_2016_08,0.85,7.35,,53,9,,,35000000,,7.5441,32.207,0.142,3.614,,8,,,,,,Marilao,317
254,Marilao River,MAR-4,4,Tabing ilog Bridge Brgy. Tabing Ilog Marilao Bulacan,14.760644,120.949747,2016-03-09,13:18,2016-03,2016,3,dry,pre_DAO_2016_08,0.8,6.9,,52,7,,,16000000,,7.2041,31.541,0.066,3.447,,8,total_coliform_mpn_100ml(>16000000),,,,,Marilao,318
255,Marilao River,MAR-5,5,Ibayo Bridge Brgy. Ibayo Marilao Bulacan,14.75435,120.951011,2016-03-09,13:39,2016-03,2016,3,dry,pre_DAO_2016_08,0.82,6.95,,37,7,,,5400000,,6.7324,29.35,0.143,3.347,,8,,,,,,Marilao,319
256,Marilao River,MAR-1,1,Marilao Caloocan Bridge DECA Homes Marilao Bulacan,14.779431,121.027178,2016-04-07,23:15,2016-04,2016,4,dry,pre_DAO_2016_08,3.15,7.37,,45,17,,,9200000,,6.9638,17.06,0.303,2.567,,8,,,,,,Marilao,321
257,Marilao River,MAR-2,2,Prenza Dam Brgy. Prenza II Marilao Bulacan,14.781331,120.997867,2016-04-07,11:46,2016-04,2016,4,dry,pre_DAO_2016_08,3.01,7.45,,72,18,,,16000000,,7.2041,22.99,0.377,2.701,,8,,,,,,Marilao,322
258,Marilao River,MAR-3,3,"Expressway Bridge Brgy. Patubig Marilao, Bulacan",14.771083,120.958769,2016-04-07,12:16,2016-04,2016,4,dry,pre_DAO_2016_08,0.81,6.91,,221,57,,,35000000,,7.5441,21.911,0.024,3.066,,8,nitrate_n_mg_l(<0.048),,,bod_mg_l(high);tss_mg_l(high),,Marilao,323
259,Marilao River,MAR-4,4,Tabing ilog Bridge Brgy. Tabing Ilog Marilao Bulacan,14.760644,120.949747,2016-04-07,12:40,2016-04,2016,4,dry,pre_DAO_2016_08,0.85,7.28,,106,22,,,17000000,,7.2304,28.307,0.077,4.35,,8,,,,bod_mg_l(high),,Marilao,324
260,Marilao River,MAR-5,5,Ibayo Bridge Brgy. Ibayo Marilao Bulacan,14.75435,120.951011,2016-04-07,12:59,2016-04,2016,4,dry,pre_DAO_2016_08,0.79,7.37,,102,14,,,4600000,,6.6628,30.589,0.069,4.758,,8,,,,bod_mg_l(high),,Marilao,325
261,Marilao River,MAR-1,1,Marilao Caloocan Bridge DECA Homes Marilao Bulacan,14.779431,121.027178,2016-05-05,10:40,2016-05,2016,5,dry,pre_DAO_2016_08,3.5,7.84,,55,24,,,16000000,,7.2041,16.359,0.291,2.976,,8,,,,,,Marilao,327
262,Marilao River,MAR-2,2,Prenza Dam Brgy. Prenza II Marilao Bulacan,14.781331,120.997867,2016-05-05,11:01,2016-05,2016,5,dry,pre_DAO_2016_08,3.1,7.76,,36,23,,,9200000,,6.9638,22.093,0.313,2.887,,8,,,,,,Marilao,328
263,Marilao River,MAR-3,3,"Expressway Bridge Brgy. Patubig Marilao, Bulacan",14.771083,120.958769,2016-05-05,11:30,2016-05,2016,5,dry,pre_DAO_2016_08,0.95,7.48,,93,16,,,5400000,,6.7324,20.24,0.181,3.538,,8,,,,bod_mg_l(high),,Marilao,329
264,Marilao River,MAR-4,4,Tabing ilog Bridge Brgy. Tabing Ilog Marilao Bulacan,14.760644,120.949747,2016-05-05,12:09,2016-05,2016,5,dry,pre_DAO_2016_08,0.85,7.51,,79,17,,,3500000,,6.5441,21.729,0.272,3.479,,8,,,,,,Marilao,330
265,Marilao River,MAR-5,5,Ibayo Bridge Brgy. Ibayo Marilao Bulacan,14.75435,120.951011,2016-05-05,12:32,2016-05,2016,5,dry,pre_DAO_2016_08,0.85,7.06,,114,27,,,9200000,,6.9638,20.062,0.153,2.606,,8,,,,bod_mg_l(high),,Marilao,331
266,Marilao River,MAR-1,1,Marilao Caloocan Bridge DECA Homes Marilao Bulacan,14.779431,121.027178,2016-06-09,10:46,2016-06,2016,6,wet,post_DAO_2016_08,3.55,7.94,,,14,,,5400000,,6.7324,17.42,0.402,2.427,,7,,,,,,Marilao,333
267,Marilao River,MAR-2,2,Prenza Dam Brgy. Prenza II Marilao Bulacan,14.781331,120.997867,2016-06-09,11:05,2016-06,2016,6,wet,post_DAO_2016_08,3.4,8.03,,,25,,,3500000,,6.5441,18.796,0.755,2.355,,7,,,,,,Marilao,334
268,Marilao River,MAR-3,3,"Expressway Bridge Brgy. Patubig Marilao, Bulacan",14.771083,120.958769,2016-06-09,11:36,2016-06,2016,6,wet,post_DAO_2016_08,2.65,7.74,,,8,,,2400000,,6.3802,17.605,1.021,2.916,,7,,,,,,Marilao,335
269,Marilao River,MAR-4,4,Tabing ilog Bridge Brgy. Tabing Ilog Marilao Bulacan,14.760644,120.949747,2016-06-09,11:50,2016-06,2016,6,wet,post_DAO_2016_08,2.2,7.8,,,3,,,9200000,,6.9638,18.772,1.115,2.421,,7,,,,nitrate_n_mg_l(high),,Marilao,336
270,Marilao River,MAR-5,5,Ibayo Bridge Brgy. Ibayo Marilao Bulacan,14.75435,120.951011,2016-06-09,12:18,2016-06,2016,6,wet,post_DAO_2016_08,2.17,7.84,,,8,,,3500000,,6.5441,18.071,1.354,2.333,,7,,,,nitrate_n_mg_l(high),,Marilao,337
271,Marilao River,MAR-1,1,Marilao Caloocan Bridge DECA Homes Marilao Bulacan,14.779431,121.027178,2016-07-15,10:21,2016-07,2016,7,wet,post_DAO_2016_08,4.35,7.88,,11,23,,,9200000,,6.9638,6.166,0.853,0.754,,8,,,,,,Marilao,339
272,Marilao River,MAR-2,2,Prenza Dam Brgy. Prenza II Marilao Bulacan,14.781331,120.997867,2016-07-15,10:45,2016-07,2016,7,wet,post_DAO_2016_08,3.14,7.89,,16,19,,,3500000,,6.5441,4.172,1.367,0.731,,8,,,,nitrate_n_mg_l(high),,Marilao,340
273,Marilao River,MAR-3,3,"Expressway Bridge Brgy. Patubig Marilao, Bulacan",14.771083,120.958769,2016-07-15,11:16,2016-07,2016,7,wet,post_DAO_2016_08,1.32,7.42,,20,17,,,790000,,5.8976,12.748,0.398,1.858,,8,,,,,,Marilao,341
274,Marilao River,MAR-4,4,Tabing ilog Bridge Brgy. Tabing Ilog Marilao Bulacan,14.760644,120.949747,2016-07-15,11:42,2016-07,2016,7,wet,post_DAO_2016_08,0.68,7.38,,16,12,,,940000,,5.9731,10.793,0.337,1.51,,8,,,,,,Marilao,342
275,Marilao River,MAR-5,5,Ibayo Bridge Brgy. Ibayo Marilao Bulacan,14.75435,120.951011,2016-07-15,12:03,2016-07,2016,7,wet,post_DAO_2016_08,0.58,7.4,,44,7,,,2400000,,6.3802,11.627,0.333,1.88,,8,,,,,,Marilao,343
276,Marilao River,MAR-1,1,Marilao Caloocan Bridge DECA Homes Marilao Bulacan,14.779431,121.027178,2016-08-10,13:45,2016-08,2016,8,wet,post_DAO_2016_08,4.1,7.74,,20,13,,330000,,5.5185,,124,1.589,0.938,,8,,,,ammonia_mg_l(high);nitrate_n_mg_l(high),,Marilao,345
277,Marilao River,MAR-2,2,Prenza Dam Brgy. Prenza II Marilao Bulacan,14.781331,120.997867,2016-08-10,14:15,2016-08,2016,8,wet,post_DAO_2016_08,4,7.2,,79,17,,2800000,,6.4472,,25,1.397,0.939,,8,,,,nitrate_n_mg_l(high),,Marilao,346
278,Marilao River,MAR-3,3,"Expressway Bridge Brgy. Patubig Marilao, Bulacan",14.771083,120.958769,2016-08-10,14:34,2016-08,2016,8,wet,post_DAO_2016_08,2.9,7.22,,147,27,,9200000,,6.9638,,30,1.092,1.271,,8,,,,bod_mg_l(high);nitrate_n_mg_l(high),,Marilao,347
279,Marilao River,MAR-4,4,Tabing ilog Bridge Brgy. Tabing Ilog Marilao Bulacan,14.760644,120.949747,2016-08-10,15:00,2016-08,2016,8,wet,post_DAO_2016_08,2.8,7.2,,102,33,,9200000,,6.9638,,30,1.964,1.287,,8,,,,bod_mg_l(high);nitrate_n_mg_l(high),,Marilao,348
280,Marilao River,MAR-5,5,Ibayo Bridge Brgy. Ibayo Marilao Bulacan,14.75435,120.951011,2016-08-10,15:19,2016-08,2016,8,wet,post_DAO_2016_08,0.8,7.21,,66,8,,2800000,,6.4472,,30,2.037,1.288,,8,,do_mg_l;tss_mg_l,,nitrate_n_mg_l(high),,Marilao,349
281,Marilao River,MAR-1,1,Marilao Caloocan Bridge DECA Homes Marilao Bulacan,14.779431,121.027178,2016-09-15,11:30,2016-09,2016,9,wet,post_DAO_2016_08,4.8,7.6,,13,7,,110000,,5.0414,,,0.676,0.98,15,8,,,,,,Marilao,351
282,Marilao River,MAR-2,2,Prenza Dam Brgy. Prenza II Marilao Bulacan,14.781331,120.997867,2016-09-15,11:55,2016-09,2016,9,wet,post_DAO_2016_08,4.6,7.65,,12,13,,110000,,5.0414,,,0.957,0.935,15,8,,,,,,Marilao,352
283,Marilao River,MAR-3,3,"Expressway Bridge Brgy. Patubig Marilao, Bulacan",14.771083,120.958769,2016-09-15,12:19,2016-09,2016,9,wet,post_DAO_2016_08,1.6,6.8,,21,43,,170000,,5.2304,,,0.622,1.441,30,8,,,,,,Marilao,353
284,Marilao River,MAR-4,4,Tabing ilog Bridge Brgy. Tabing Ilog Marilao Bulacan,14.760644,120.949747,2016-09-15,12:41,2016-09,2016,9,wet,post_DAO_2016_08,0.8,6.86,,43,9,,170000,,5.2304,,,0.968,1.455,25,8,,,,,,Marilao,354
285,Marilao River,MAR-5,5,Ibayo Bridge Brgy. Ibayo Marilao Bulacan,14.75435,120.951011,2016-09-15,13:05,2016-09,2016,9,wet,post_DAO_2016_08,0.7,6.89,,50,5,,54000,,4.7324,,,0.473,1.683,35,8,,,,fecal_coliform_mpn_100ml(low),,Marilao,355
286,Marilao River,MAR-1,1,Marilao Caloocan Bridge DECA Homes Marilao Bulacan,14.779431,121.027178,2016-10-28,12:29,2016-10,2016,10,wet,post_DAO_2016_08,4.6,7.86,,11,20,,2300000,,6.3617,,,0.024,1.598,84,8,nitrate_n_mg_l(<0.048),,,,,Marilao,357
287,Marilao River,MAR-2,2,Prenza Dam Brgy. Prenza II Marilao Bulacan,14.781331,120.997867,2016-10-28,12:49,2016-10,2016,10,wet,post_DAO_2016_08,4.3,7.87,,13,6,,3300000,,6.5185,,,0.126,1.563,30,8,,,,,,Marilao,358
288,Marilao River,MAR-3,3,"Expressway Bridge Brgy. Patubig Marilao, Bulacan",14.771083,120.958769,2016-10-28,13:10,2016-10,2016,10,wet,post_DAO_2016_08,1.8,7.65,,85,8,,7900000,,6.8976,,,0.024,2.411,60,8,nitrate_n_mg_l(<0.048),,,bod_mg_l(high),,Marilao,359
289,Marilao River,MAR-4,4,Tabing ilog Bridge Brgy. Tabing Ilog Marilao Bulacan,14.760644,120.949747,2016-10-28,13:41,2016-10,2016,10,wet,post_DAO_2016_08,1.5,7.85,,39,10,,3300000,,6.5185,,,0.024,2.222,69,8,nitrate_n_mg_l(<0.048),,,,,Marilao,360
290,Marilao River,MAR-5,5,Ibayo Bridge Brgy. Ibayo Marilao Bulacan,14.75435,120.951011,2016-10-28,14:02,2016-10,2016,10,wet,post_DAO_2016_08,1.2,7.81,,37,12,,17000000,,7.2304,,,0.024,2.34,69,8,nitrate_n_mg_l(<0.048),,,,,Marilao,361
291,Marilao River,MAR-1,1,Marilao Caloocan Bridge DECA Homes Marilao Bulacan,14.779431,121.027178,2016-11-23,11:22,2016-11,2016,11,wet,post_DAO_2016_08,2.9,7.85,,39,12,,3500000,,6.5441,,,0.109,2.683,24,8,,,,,,Marilao,363
292,Marilao River,MAR-2,2,Prenza Dam Brgy. Prenza II Marilao Bulacan,14.781331,120.997867,2016-11-23,12:18,2016-11,2016,11,wet,post_DAO_2016_08,3.2,7.72,,13,15,,230000,,5.3617,,,0.172,3.412,29,8,,,,,,Marilao,364
293,Marilao River,MAR-3,3,"Expressway Bridge Brgy. Patubig Marilao, Bulacan",14.771083,120.958769,2016-11-23,13:12,2016-11,2016,11,wet,post_DAO_2016_08,0.9,7.3,,23,15,,330000,,5.5185,,,0.024,4.383,110,8,nitrate_n_mg_l(<0.048),,,,,Marilao,365
294,Marilao River,MAR-4,4,Tabing ilog Bridge Brgy. Tabing Ilog Marilao Bulacan,14.760644,120.949747,2016-11-23,13:48,2016-11,2016,11,wet,post_DAO_2016_08,0.6,7.41,,54,20,,2400000,,6.3802,,,0.024,4.075,648,8,nitrate_n_mg_l(<0.048),,,chloride_mg_l(high),,Marilao,366
295,Marilao River,MAR-5,5,Ibayo Bridge Brgy. Ibayo Marilao Bulacan,14.75435,120.951011,2016-11-23,14:02,2016-11,2016,11,wet,post_DAO_2016_08,0.8,7.35,,54,17,,46000000,,7.6628,,,0.155,30.894,754,8,,,,phosphate_p_mg_l(high);chloride_mg_l(high),,Marilao,367
296,Marilao River,MAR-1,1,Marilao Caloocan Bridge DECA Homes Marilao Bulacan,14.779431,121.027178,2017-01-25,11:20,2017-01,2017,1,dry,post_DAO_2016_08,3.5,7.25,26.4,20,12,80,2400000,,6.3802,,,0.179,2.58,34,10,,,,,,Marilao,376
297,Marilao River,MAR-2,2,Prenza Dam Brgy. Prenza II Marilao Bulacan,14.781331,120.997867,2017-01-25,11:40,2017-01,2017,1,dry,post_DAO_2016_08,2.9,7.15,26.5,19,14,60,2400000,,6.3802,,,0.09,2.467,29,10,,,,,,Marilao,377
298,Marilao River,MAR-3,3,"Expressway Bridge Brgy. Patubig Marilao, Bulacan",14.771083,120.958769,2017-01-25,12:17,2017-01,2017,1,dry,post_DAO_2016_08,1.8,6.95,27.3,35,36,40,3500000,,6.5441,,,0.088,3.647,246,10,,,,,,Marilao,378
299,Marilao River,MAR-4,4,Tabing ilog Bridge Brgy. Tabing Ilog Marilao Bulacan,14.760644,120.949747,2017-01-25,12:36,2017-01,2017,1,dry,post_DAO_2016_08,0.8,7.01,27.3,37,34,40,2400000,,6.3802,,,0.024,3.83,253,10,nitrate_n_mg_l(<0.048),,,,,Marilao,379
300,Marilao River,MAR-5,5,Ibayo Bridge Brgy. Ibayo Marilao Bulacan,14.75435,120.951011,2017-01-25,12:56,2017-01,2017,1,dry,post_DAO_2016_08,0.9,6.98,27.1,49,29,40,9200000,,6.9638,,,0.067,3.408,366,10,,,,,,Marilao,380
301,Marilao River,MAR-1,1,Marilao Caloocan Bridge DECA Homes Marilao Bulacan,14.779431,121.027178,2017-02-22,11:09,2017-02,2017,2,dry,post_DAO_2016_08,3.22,7.74,27.7,36,14,40,2400000,,6.3802,,,0.139,2.964,63,10,,,,,,Marilao,382
302,Marilao River,MAR-2,2,Prenza Dam Brgy. Prenza II Marilao Bulacan,14.781331,120.997867,2017-02-22,11:47,2017-02,2017,2,dry,post_DAO_2016_08,4.49,7.87,28.6,18,21,80,210000,,5.3222,,,0.242,3.592,63,10,,,,,,Marilao,383
303,Marilao River,MAR-3,3,"Expressway Bridge Brgy. Patubig Marilao, Bulacan",14.771083,120.958769,2017-02-22,12:25,2017-02,2017,2,dry,post_DAO_2016_08,0.9,7.71,29.53,33,24,100,1300000,,6.1139,,,0.062,4.935,481,10,,,,color_tcu(high);chloride_mg_l(high),,Marilao,384
304,Marilao River,MAR-4,4,Tabing ilog Bridge Brgy. Tabing Ilog Marilao Bulacan,14.760644,120.949747,2017-02-22,13:10,2017-02,2017,2,dry,post_DAO_2016_08,0.8,7.74,29.8,59,34,100,470000,,5.6721,,,0.102,4.811,515,10,,,,color_tcu(high);chloride_mg_l(high),,Marilao,385
305,Marilao River,MAR-5,5,Ibayo Bridge Brgy. Ibayo Marilao Bulacan,14.75435,120.951011,2017-02-22,13:29,2017-02,2017,2,dry,post_DAO_2016_08,0.65,7.62,30.8,46,31,125,1300000,,6.1139,,,0.099,4.777,573,10,,,,color_tcu(high);chloride_mg_l(high),,Marilao,386
306,Marilao River,MAR-1,1,Marilao Caloocan Bridge DECA Homes Marilao Bulacan,14.779431,121.027178,2017-03-15,11:25,2017-03,2017,3,dry,post_DAO_2016_08,5.76,7.61,28,23,15,30,3500000,,6.5441,,,1.518,0.62,50,10,,,,nitrate_n_mg_l(high),,Marilao,388
307,Marilao River,MAR-2,2,Prenza Dam Brgy. Prenza II Marilao Bulacan,14.781331,120.997867,2017-03-15,11:46,2017-03,2017,3,dry,post_DAO_2016_08,5.66,7.72,28.4,18,18,40,1300000,,6.1139,,,1.872,0.997,60,10,,,,nitrate_n_mg_l(high),,Marilao,389
308,Marilao River,MAR-3,3,"Expressway Bridge Brgy. Patubig Marilao, Bulacan",14.771083,120.958769,2017-03-15,12:05,2017-03,2017,3,dry,post_DAO_2016_08,2.4,7.41,28.2,31,23,40,330000,,5.5185,,,0.498,1.053,149,10,,,,,,Marilao,390
309,Marilao River,MAR-4,4,Tabing ilog Bridge Brgy. Tabing Ilog Marilao Bulacan,14.760644,120.949747,2017-03-15,12:26,2017-03,2017,3,dry,post_DAO_2016_08,1.05,7.44,28.4,17,26,40,1300000,,6.1139,,,0.196,1.075,159,10,,,,,,Marilao,391
310,Marilao River,MAR-5,5,Ibayo Bridge Brgy. Ibayo Marilao Bulacan,14.75435,120.951011,2017-03-15,12:45,2017-03,2017,3,dry,post_DAO_2016_08,1.1,7.44,28.8,29,27,40,340000,,5.5315,,,0.422,0.952,129,10,,,,,,Marilao,392
311,Marilao River,MAR-1,1,Marilao Caloocan Bridge DECA Homes Marilao Bulacan,14.779431,121.027178,2017-04-20,12:15,2017-04,2017,4,dry,post_DAO_2016_08,4.9,7.6,32.15,34,23,80,5400000,,6.7324,,,0.647,1.894,99,10,,,,,,Marilao,394
312,Marilao River,MAR-2,2,Prenza Dam Brgy. Prenza II Marilao Bulacan,14.781331,120.997867,2017-04-20,12:36,2017-04,2017,4,dry,post_DAO_2016_08,4.6,7.71,33.2,56,12,40,5400000,,6.7324,,,0.881,1.844,65,10,,,,,,Marilao,395
313,Marilao River,MAR-3,3,"Expressway Bridge Brgy. Patubig Marilao, Bulacan",14.771083,120.958769,2017-04-20,12:58,2017-04,2017,4,dry,post_DAO_2016_08,1.61,7.5,34.9,34,23,40,5400000,,6.7324,,,0.206,2.423,50,10,,,,,,Marilao,396
314,Marilao River,MAR-4,4,Tabing ilog Bridge Brgy. Tabing Ilog Marilao Bulacan,14.760644,120.949747,2017-04-20,13:18,2017-04,2017,4,dry,post_DAO_2016_08,0.96,7.48,34.7,24,26,50,3500000,,6.5441,,,0.148,2.453,99,10,,,,,,Marilao,397
315,Marilao River,MAR-5,5,Ibayo Bridge Brgy. Ibayo Marilao Bulacan,14.75435,120.951011,2017-04-20,13:34,2017-04,2017,4,dry,post_DAO_2016_08,0.8,7.44,35,34,27,50,16000000,,7.2041,,,0.188,2.227,119,10,,,,,,Marilao,398
316,Marilao River,MAR-1,1,Marilao Caloocan Bridge DECA Homes Marilao Bulacan,14.779431,121.027178,2017-05-10,11:10,2017-05,2017,5,dry,post_DAO_2016_08,4.55,7.71,31.5,28,31,40,5400000,,6.7324,,,0.024,3.031,44,10,nitrate_n_mg_l(<0.048),,,,,Marilao,400
317,Marilao River,MAR-2,2,Prenza Dam Brgy. Prenza II Marilao Bulacan,14.781331,120.997867,2017-05-10,11:31,2017-05,2017,5,dry,post_DAO_2016_08,4.1,7.71,31.6,27,15,30,9200000,,6.9638,,,0.024,3.09,420,10,nitrate_n_mg_l(<0.048),,,chloride_mg_l(high),,Marilao,401
318,Marilao River,MAR-3,3,"Expressway Bridge Brgy. Patubig Marilao, Bulacan",14.771083,120.958769,2017-05-10,11:55,2017-05,2017,5,dry,post_DAO_2016_08,0.72,7.4,34.4,30,27,75,3500000,,6.5441,,,0.024,3.7,63,10,nitrate_n_mg_l(<0.048),,,,,Marilao,402
319,Marilao River,MAR-4,4,Tabing ilog Bridge Brgy. Tabing Ilog Marilao Bulacan,14.760644,120.949747,2017-05-10,12:20,2017-05,2017,5,dry,post_DAO_2016_08,0.65,7.42,34.6,24,28,100,9200000,,6.9638,,,0.024,3.672,430,10,nitrate_n_mg_l(<0.048),,,color_tcu(high);chloride_mg_l(high),,Marilao,403
320,Marilao River,MAR-5,5,Ibayo Bridge Brgy. Ibayo Marilao Bulacan,14.75435,120.951011,2017-05-10,12:41,2017-05,2017,5,dry,post_DAO_2016_08,0.6,7.39,34.8,28,25,150,5400000,,6.7324,,,0.024,3.663,391,10,nitrate_n_mg_l(<0.048),,,color_tcu(high),,Marilao,404
321,Marilao River,MAR-1,1,Marilao Caloocan Bridge DECA Homes Marilao Bulacan,14.779431,121.027178,2017-06-07,11:23,2017-06,2017,6,wet,post_DAO_2016_08,2.8,7.77,31.3,33,11,40,35000000,,7.5441,,,0.024,2.413,78,10,nitrate_n_mg_l(<0.048),,,,,Marilao,406
322,Marilao River,MAR-2,2,Prenza Dam Brgy. Prenza II Marilao Bulacan,14.781331,120.997867,2017-06-07,11:41,2017-06,2017,6,wet,post_DAO_2016_08,3.08,7.72,32.35,46,28,30,3500000,,6.5441,,,0.024,2.479,39,10,nitrate_n_mg_l(<0.048),,,,,Marilao,407
323,Marilao River,MAR-3,3,"Expressway Bridge Brgy. Patubig Marilao, Bulacan",14.771083,120.958769,2017-06-07,12:15,2017-06,2017,6,wet,post_DAO_2016_08,0.8,7.32,31.6,53,28,40,2200000,,6.3424,,,0.024,3.619,342,10,nitrate_n_mg_l(<0.048),,,,,Marilao,408
324,Marilao River,MAR-4,4,Tabing ilog Bridge Brgy. Tabing Ilog Marilao Bulacan,14.760644,120.949747,2017-06-07,12:45,2017-06,2017,6,wet,post_DAO_2016_08,0.7,7.36,31.9,45,23,60,1300000,,6.1139,,,0.055,3.586,195,10,,,,,,Marilao,409
325,Marilao River,MAR-5,5,Ibayo Bridge Brgy. Ibayo Marilao Bulacan,14.75435,120.951011,2017-06-07,13:20,2017-06,2017,6,wet,post_DAO_2016_08,0.8,7.35,31.9,48,22,80,2400000,,6.3802,,,0.059,3.421,146,10,,,,,,Marilao,410
326,Marilao River,MAR-1,1,Marilao Caloocan Bridge DECA Homes Marilao Bulacan,14.779431,121.027178,2017-07-28,12:01,2017-07,2017,7,wet,post_DAO_2016_08,4.38,7.79,29,13,15,,700000,,5.8451,,,0.024,1.84,63,9,nitrate_n_mg_l(<0.048),,,,,Marilao,412
327,Marilao River,MAR-2,2,Prenza Dam Brgy. Prenza II Marilao Bulacan,14.781331,120.997867,2017-07-28,12:24,2017-07,2017,7,wet,post_DAO_2016_08,4.22,7.73,29.1,16,10,,490000,,5.6902,,,0.024,1.821,39,9,nitrate_n_mg_l(<0.048),,,,,Marilao,413
328,Marilao River,MAR-3,3,"Expressway Bridge Brgy. Patubig Marilao, Bulacan",14.771083,120.958769,2017-07-28,12:48,2017-07,2017,7,wet,post_DAO_2016_08,0.56,7.63,28.93,23,22,,490000,,5.6902,,,0.024,2.535,112,9,nitrate_n_mg_l(<0.048),,,,,Marilao,414
329,Marilao River,MAR-4,4,Tabing ilog Bridge Brgy. Tabing Ilog Marilao Bulacan,14.760644,120.949747,2017-07-28,13:12,2017-07,2017,7,wet,post_DAO_2016_08,0.58,7.59,28.9,40,24,,1100000,,6.0414,,,0.024,2.517,59,9,nitrate_n_mg_l(<0.048),,,,,Marilao,415
330,Marilao River,MAR-5,5,Ibayo Bridge Brgy. Ibayo Marilao Bulacan,14.75435,120.951011,2017-07-28,13:31,2017-07,2017,7,wet,post_DAO_2016_08,0.45,7.62,28.45,17,22,,790000,,5.8976,,,0.024,2.527,59,9,nitrate_n_mg_l(<0.048),,,,,Marilao,416
331,Marilao River,MAR-1,1,Marilao Caloocan Bridge DECA Homes Marilao Bulacan,14.779431,121.027178,2017-08-17,11:05,2017-08,2017,8,wet,post_DAO_2016_08,5.73,7.09,31.2,16,24,40,540000,,5.7324,,,0.067,1.595,27,10,,,,,BLOCK_DATE_CONFLICT,Marilao,418
332,Marilao River,MAR-2,2,Prenza Dam Brgy. Prenza II Marilao Bulacan,14.781331,120.997867,2017-08-17,11:46,2017-08,2017,8,wet,post_DAO_2016_08,5.04,7.02,31.5,13,25,25,280000,,5.4472,,,0.024,1.28,28,10,nitrate_n_mg_l(<0.048),,,,BLOCK_DATE_CONFLICT,Marilao,419
333,Marilao River,MAR-3,3,"Expressway Bridge Brgy. Patubig Marilao, Bulacan",14.771083,120.958769,2017-08-17,12:41,2017-08,2017,8,wet,post_DAO_2016_08,1.36,7.04,30.9,14,11,40,540000,,5.7324,,,0.09,1.906,32,10,,,,,BLOCK_DATE_CONFLICT,Marilao,420
334,Marilao River,MAR-4,4,Tabing ilog Bridge Brgy. Tabing Ilog Marilao Bulacan,14.760644,120.949747,2017-08-17,13:09,2017-08,2017,8,wet,post_DAO_2016_08,0.96,7.01,30.9,66,8,30,1600000,,6.2041,,,0.024,2.094,24,10,nitrate_n_mg_l(<0.048),,,,BLOCK_DATE_CONFLICT,Marilao,421
335,Marilao River,MAR-5,5,Ibayo Bridge Brgy. Ibayo Marilao Bulacan,14.75435,120.951011,2017-08-17,13:30,2017-08,2017,8,wet,post_DAO_2016_08,1.01,7.06,32,24,16,30,5400000,,6.7324,,,1.133,1.558,24,10,,,,nitrate_n_mg_l(high),BLOCK_DATE_CONFLICT,Marilao,422
336,Marilao River,MAR-1,1,Marilao Caloocan Bridge DECA Homes Marilao Bulacan,14.779431,121.027178,2017-09-13,10:27,2017-09,2017,9,wet,post_DAO_2016_08,5.25,7.15,27.9,16,33,20,14000000,,7.1461,,,1.066,0.926,30,10,,,,nitrate_n_mg_l(high),BLOCK_DATE_CONFLICT,Marilao,424
337,Marilao River,MAR-2,2,Prenza Dam Brgy. Prenza II Marilao Bulacan,14.781331,120.997867,2017-09-13,10:47,2017-09,2017,9,wet,post_DAO_2016_08,5.4,7.24,28.3,14,14,10,3500000,,6.5441,,,0.739,0.95,14,10,,,,,BLOCK_DATE_CONFLICT,Marilao,425
338,Marilao River,MAR-3,3,"Expressway Bridge Brgy. Patubig Marilao, Bulacan",14.771083,120.958769,2017-09-13,11:08,2017-09,2017,9,wet,post_DAO_2016_08,4.5,7.12,28.3,19,12,40,330000,,5.5185,,,1.336,1.091,27,10,,,,nitrate_n_mg_l(high),BLOCK_DATE_CONFLICT,Marilao,426
339,Marilao River,MAR-4,4,Tabing ilog Bridge Brgy. Tabing Ilog Marilao Bulacan,14.760644,120.949747,2017-09-13,11:35,2017-09,2017,9,wet,post_DAO_2016_08,4.58,7.18,28.2,13,9,30,490000,,5.6902,,,1.555,0.982,21,10,,,,nitrate_n_mg_l(high),BLOCK_DATE_CONFLICT,Marilao,427
340,Marilao River,MAR-5,5,Ibayo Bridge Brgy. Ibayo Marilao Bulacan,14.75435,120.951011,2017-09-13,12:03,2017-09,2017,9,wet,post_DAO_2016_08,4.38,7.2,28.1,5,46,20,540000,,5.7324,,,1.581,0.943,20,10,,,,nitrate_n_mg_l(high),BLOCK_DATE_CONFLICT,Marilao,428
341,Marilao River,MAR-1,1,Marilao Caloocan Bridge DECA Homes Marilao Bulacan,14.779431,121.027178,2017-10-11,12:10,2017-10,2017,10,wet,post_DAO_2016_08,4.15,7.5,30.2,11,18,30,2400000,,6.3802,,,0.024,2.168,34,10,nitrate_n_mg_l(<0.048),,,,,Marilao,430
342,Marilao River,MAR-2,2,Prenza Dam Brgy. Prenza II Marilao Bulacan,14.781331,120.997867,2017-10-11,12:41,2017-10,2017,10,wet,post_DAO_2016_08,4.01,7.56,30.3,10,31,30,1300000,,6.1139,,,0.178,1.828,23,10,,,,,,Marilao,431
343,Marilao River,MAR-3,3,"Expressway Bridge Brgy. Patubig Marilao, Bulacan",14.771083,120.958769,2017-10-11,13:11,2017-10,2017,10,wet,post_DAO_2016_08,1.62,7.27,29.9,17,57,30,3500000,,6.5441,,,0.539,1.51,30,10,,,,tss_mg_l(high),,Marilao,432
344,Marilao River,MAR-4,4,Tabing ilog Bridge Brgy. Tabing Ilog Marilao Bulacan,14.760644,120.949747,2017-10-11,13:40,2017-10,2017,10,wet,post_DAO_2016_08,0.99,7.3,30.05,23,18,30,5400000,,6.7324,,,0.118,1.894,30,10,,,,,,Marilao,433
345,Marilao River,MAR-5,5,Ibayo Bridge Brgy. Ibayo Marilao Bulacan,14.75435,120.951011,2017-10-11,14:01,2017-10,2017,10,wet,post_DAO_2016_08,1.02,7.28,30.3,20,37,30,9200000,,6.9638,,,0.169,2.163,39,10,,,,,,Marilao,434
346,Marilao River,MAR-1,1,Marilao Caloocan Bridge DECA Homes Marilao Bulacan,14.779431,121.027178,2017-11-29,10:59,2017-11,2017,11,wet,post_DAO_2016_08,4.05,7.03,28.9,13,13,40,2800000,,6.4472,,,0.103,2.644,40,10,,,,,,Marilao,436
347,Marilao River,MAR-2,2,Prenza Dam Brgy. Prenza II Marilao Bulacan,14.781331,120.997867,2017-11-29,11:18,2017-11,2017,11,wet,post_DAO_2016_08,3.98,7.24,29.1,16,12,40,3300000,,6.5185,,,0.261,2.377,46,10,,,,,,Marilao,437
348,Marilao River,MAR-3,3,"Expressway Bridge Brgy. Patubig Marilao, Bulacan",14.771083,120.958769,2017-11-29,11:38,2017-11,2017,11,wet,post_DAO_2016_08,0.98,7.49,28.9,44,8,60,160000000,,8.2041,,,0.135,4.287,47,10,,,,fecal_coliform_mpn_100ml(high),,Marilao,438
349,Marilao River,MAR-4,4,Tabing ilog Bridge Brgy. Tabing Ilog Marilao Bulacan,14.760644,120.949747,2017-11-29,11:59,2017-11,2017,11,wet,post_DAO_2016_08,0.81,7.52,28.8,38,8,60,24000000,,7.3802,,,0.248,4.03,225,10,,,,,,Marilao,439
350,Marilao River,MAR-5,5,Ibayo Bridge Brgy. Ibayo Marilao Bulacan,14.75435,120.951011,2017-11-29,12:19,2017-11,2017,11,wet,post_DAO_2016_08,0.87,7.5,28.75,28,10,60,1500000,,6.1761,,,0.071,3.934,142,10,,,,,,Marilao,440
351,Marilao River,MAR-1,1,Marilao Caloocan Bridge DECA Homes Marilao Bulacan,14.779431,121.027178,2018-01-04,12:25,2018-01,2018,1,dry,post_DAO_2016_08,2.15,6.85,27.8,76,18,40,11000000,,7.0414,,,0.024,2.672,42,10,nitrate_n_mg_l(<0.048),,,,,Marilao,443
352,Marilao River,MAR-2,2,Prenza Dam Brgy. Prenza II Marilao Bulacan,14.781331,120.997867,2018-01-04,12:50,2018-01,2018,1,dry,post_DAO_2016_08,2.05,7.15,28,36,9,40,9200000,,6.9638,,,0.166,2.538,39,10,,,,,,Marilao,444
353,Marilao River,MAR-3,3,"Expressway Bridge Brgy. Patubig Marilao, Bulacan",14.771083,120.958769,2018-01-04,13:09,2018-01,2018,1,dry,post_DAO_2016_08,1.09,7.23,27.9,52,18,40,2800000,,6.4472,,,0.579,3.587,1152,10,,,,chloride_mg_l(high),,Marilao,445
354,Marilao River,MAR-4,4,Tabing ilog Bridge Brgy. Tabing Ilog Marilao Bulacan,14.760644,120.949747,2018-01-04,13:30,2018-01,2018,1,dry,post_DAO_2016_08,0.75,7.25,27.7,64,19,50,2400000,,6.3802,,,0.098,3.709,1103,10,,,,chloride_mg_l(high),,Marilao,446
355,Marilao River,MAR-5,5,Ibayo Bridge Brgy. Ibayo Marilao Bulacan,14.75435,120.951011,2018-01-04,13:48,2018-01,2018,1,dry,post_DAO_2016_08,0.6,7.2,27.8,45,19,50,2400000,,6.3802,,,0.181,3.683,1098,10,,,,chloride_mg_l(high),,Marilao,447
356,Marilao River,MAR-1,1,Marilao Caloocan Bridge DECA Homes Marilao Bulacan,14.779431,121.027178,2018-02-14,10:50,2018-02,2018,2,dry,post_DAO_2016_08,2.75,7.1,26.1,15,17,40,5400000,,6.7324,,,0.024,2.814,61,10,nitrate_n_mg_l(<0.048),,,,,Marilao,449
357,Marilao River,MAR-2,2,Prenza Dam Brgy. Prenza II Marilao Bulacan,14.781331,120.997867,2018-02-14,11:12,2018-02,2018,2,dry,post_DAO_2016_08,2.28,7.13,25.95,20,25,40,2400000,,6.3802,,,0.024,2.993,41,10,nitrate_n_mg_l(<0.048),,,,,Marilao,450
358,Marilao River,MAR-3,3,"Expressway Bridge Brgy. Patubig Marilao, Bulacan",14.771083,120.958769,2018-02-14,11:40,2018-02,2018,2,dry,post_DAO_2016_08,0.25,7.16,27,31,33,40,230000,,5.3617,,,0.066,3.877,1.161,10,,,,,,Marilao,451
359,Marilao River,MAR-4,4,Tabing ilog Bridge Brgy. Tabing Ilog Marilao Bulacan,14.760644,120.949747,2018-02-14,12:01,2018-02,2018,2,dry,post_DAO_2016_08,0.3,7.21,27.1,35,35,80,3500000,,6.5441,,,0.068,3.936,1.229,10,,,,,,Marilao,452
360,Marilao River,MAR-5,5,Ibayo Bridge Brgy. Ibayo Marilao Bulacan,14.75435,120.951011,2018-02-14,12:20,2018-02,2018,2,dry,post_DAO_2016_08,0.2,7.18,27.08,56,46,60,630000,,5.7993,,,0.024,4.041,1.073,10,nitrate_n_mg_l(<0.048),,,,,Marilao,453
361,Marilao River,MAR-1,1,Marilao Caloocan Bridge DECA Homes Marilao Bulacan,14.779431,121.027178,2018-04-18,11:57,2018-04,2018,4,dry,post_DAO_2016_08,4.09,8.01,29.6,44,10,50,9200000,,6.9638,,,0.024,2.662,83,10,nitrate_n_mg_l(<0.048),,,,,Marilao,461
362,Marilao River,MAR-2,2,Prenza Dam Brgy. Prenza II Marilao Bulacan,14.781331,120.997867,2018-04-18,12:16,2018-04,2018,4,dry,post_DAO_2016_08,3.7,7.9,29.7,33,9,80,14000000,,7.1461,,,0.049,2.671,60,10,,,,,,Marilao,462
363,Marilao River,MAR-3,3,"Expressway Bridge Brgy. Patubig Marilao, Bulacan",14.771083,120.958769,2018-04-18,12:40,2018-04,2018,4,dry,post_DAO_2016_08,0.68,7.24,30.9,45,11,250,13000000,,7.1139,,,0.024,3.487,480,10,nitrate_n_mg_l(<0.048),,,color_tcu(high);chloride_mg_l(high),,Marilao,463
364,Marilao River,MAR-4,4,Tabing ilog Bridge Brgy. Tabing Ilog Marilao Bulacan,14.760644,120.949747,2018-04-18,13:01,2018-04,2018,4,dry,post_DAO_2016_08,0.6,7.41,31.5,35,10,250,5400000,,6.7324,,,0.131,3.701,437,10,,,,color_tcu(high);chloride_mg_l(high),,Marilao,464
365,Marilao River,MAR-5,5,Ibayo Bridge Brgy. Ibayo Marilao Bulacan,14.75435,120.951011,2018-04-18,13:20,2018-04,2018,4,dry,post_DAO_2016_08,0.35,7.3,31.2,39,14,250,17000000,,7.2304,,,0.114,3.388,738,10,,,,color_tcu(high);chloride_mg_l(high),,Marilao,465
366,Marilao River,MAR-1,1,Marilao Caloocan Bridge DECA Homes Marilao Bulacan,14.779431,121.027178,2018-05-10,11:26,2018-05,2018,5,dry,post_DAO_2016_08,4.51,8.01,31.45,34,21,40,3500000,,6.5441,,,0.052,2.916,84,10,,,,,BLOCK_DATE_CONFLICT,Marilao,467
367,Marilao River,MAR-2,2,Prenza Dam Brgy. Prenza II Marilao Bulacan,14.781331,120.997867,2018-05-10,11:47,2018-05,2018,5,dry,post_DAO_2016_08,4.38,7.98,31.8,26,19,40,5400000,,6.7324,,,0.024,2.852,59,10,nitrate_n_mg_l(<0.048),,,,BLOCK_DATE_CONFLICT,Marilao,468
368,Marilao River,MAR-3,3,"Expressway Bridge Brgy. Patubig Marilao, Bulacan",14.771083,120.958769,2018-05-10,12:15,2018-05,2018,5,dry,post_DAO_2016_08,0.19,7,34.33,289,41,50,92000000,,7.9638,,,0.024,1.681,821,10,nitrate_n_mg_l(<0.048),,,bod_mg_l(high);fecal_coliform_mpn_100ml(high);chloride_mg_l(high),BLOCK_DATE_CONFLICT,Marilao,469
369,Marilao River,MAR-4,4,Tabing ilog Bridge Brgy. Tabing Ilog Marilao Bulacan,14.760644,120.949747,2018-05-10,12:42,2018-05,2018,5,dry,post_DAO_2016_08,0.2,7.06,34.5,244,12,50,92000000,,7.9638,,,0.096,1.948,976,10,,,,bod_mg_l(high);fecal_coliform_mpn_100ml(high);chloride_mg_l(high),BLOCK_DATE_CONFLICT,Marilao,470
370,Marilao River,MAR-5,5,Ibayo Bridge Brgy. Ibayo Marilao Bulacan,14.75435,120.951011,2018-05-10,13:00,2018-05,2018,5,dry,post_DAO_2016_08,0.2,7.16,34.5,189,33,50,54000000,,7.7324,,,0.024,2.483,864,10,nitrate_n_mg_l(<0.048),,,bod_mg_l(high);chloride_mg_l(high),BLOCK_DATE_CONFLICT,Marilao,471
371,Meycauayan River,MEY-1,1,Perez Bridge Brgy. Perez Meycauayan Bulacan,14.758217,120.989964,,,2012-01,2012,1,dry,pre_DAO_2016_08,4.08,,,27,,,,,,,,,,,2,,,,do_mg_l(high),,Meycauayan,14
372,Meycauayan River,MEY-2,2,Expressway Bridge Brgy. Langka Meycauayan Bulacan,14.739206,120.976297,,,2012-01,2012,1,dry,pre_DAO_2016_08,2.3,,,204,,,,,,,,,,,2,,,,bod_mg_l(high),,Meycauayan,15
373,Meycauayan River,MEY-3,3,Viente Reales Bridge Brgy. Viente Reales Valenzuela City MM,14.730028,120.965119,,,2012-01,2012,1,dry,pre_DAO_2016_08,1.4,,,100,,,,,,,,,,,2,,,,,,Meycauayan,16
374,Meycauayan River,MEY-4,4,McArthur Highway Brgy. Banga Meycauayan Bulacan,14.73075,120.961339,,,2012-01,2012,1,dry,pre_DAO_2016_08,1.9,,,99,,,,,,,,,,,2,,,,,,Meycauayan,17
375,Meycauayan River,MEY-5,5,Meymart Bridge Brgy. Zamora Meycauayan Bulacan,14.736142,120.95815,,,2012-01,2012,1,dry,pre_DAO_2016_08,1.7,,,52,,,,,,,,,,,2,,,,,,Meycauayan,18
376,Meycauayan River,MEY-1,1,Perez Bridge Brgy. Perez Meycauayan Bulacan,14.758217,120.989964,,,2012-02,2012,2,dry,pre_DAO_2016_08,4.5,,,26,,,,,,,,,,,2,,,,do_mg_l(high),,Meycauayan,20
377,Meycauayan River,MEY-2,2,Expressway Bridge Brgy. Langka Meycauayan Bulacan,14.739206,120.976297,,,2012-02,2012,2,dry,pre_DAO_2016_08,2.1,,,78,,,,,,,,,,,2,,,,,,Meycauayan,21
378,Meycauayan River,MEY-3,3,Viente Reales Bridge Brgy. Viente Reales Valenzuela City MM,14.730028,120.965119,,,2012-02,2012,2,dry,pre_DAO_2016_08,1.4,,,61,,,,,,,,,,,2,,,,,,Meycauayan,22
379,Meycauayan River,MEY-4,4,McArthur Highway Brgy. Banga Meycauayan Bulacan,14.73075,120.961339,,,2012-02,2012,2,dry,pre_DAO_2016_08,2.1,,,35,,,,,,,,,,,2,,,,,,Meycauayan,23
380,Meycauayan River,MEY-5,5,Meymart Bridge Brgy. Zamora Meycauayan Bulacan,14.736142,120.95815,,,2012-02,2012,2,dry,pre_DAO_2016_08,1.2,,,28,,,,,,,,,,,2,,,,,,Meycauayan,24
381,Meycauayan River,MEY-1,1,Perez Bridge Brgy. Perez Meycauayan Bulacan,14.758217,120.989964,,,2012-03,2012,3,dry,pre_DAO_2016_08,2.26,,,38,,,,,,,,,,,2,,,,,,Meycauayan,26
382,Meycauayan River,MEY-2,2,Expressway Bridge Brgy. Langka Meycauayan Bulacan,14.739206,120.976297,,,2012-03,2012,3,dry,pre_DAO_2016_08,1.7,,,190,,,,,,,,,,,2,,,,bod_mg_l(high),,Meycauayan,27
383,Meycauayan River,MEY-3,3,Viente Reales Bridge Brgy. Viente Reales Valenzuela City MM,14.730028,120.965119,,,2012-03,2012,3,dry,pre_DAO_2016_08,1.46,,,42,,,,,,,,,,,2,,,,,,Meycauayan,28
384,Meycauayan River,MEY-4,4,McArthur Highway Brgy. Banga Meycauayan Bulacan,14.73075,120.961339,,,2012-03,2012,3,dry,pre_DAO_2016_08,1.7,,,32,,,,,,,,,,,2,,,,,,Meycauayan,29
385,Meycauayan River,MEY-5,5,Meymart Bridge Brgy. Zamora Meycauayan Bulacan,14.736142,120.95815,,,2012-03,2012,3,dry,pre_DAO_2016_08,1.6,,,33,,,,,,,,,,,2,,,,,,Meycauayan,30
386,Meycauayan River,MEY-1,1,Perez Bridge Brgy. Perez Meycauayan Bulacan,14.758217,120.989964,,,2012-04,2012,4,dry,pre_DAO_2016_08,1.9,,,50,,,,,,,,,,,2,,,,,,Meycauayan,32
387,Meycauayan River,MEY-2,2,Expressway Bridge Brgy. Langka Meycauayan Bulacan,14.739206,120.976297,,,2012-04,2012,4,dry,pre_DAO_2016_08,1.4,,,66,,,,,,,,,,,2,,,,,,Meycauayan,33
388,Meycauayan River,MEY-3,3,Viente Reales Bridge Brgy. Viente Reales Valenzuela City MM,14.730028,120.965119,,,2012-04,2012,4,dry,pre_DAO_2016_08,1.2,,,43,,,,,,,,,,,2,,,,,,Meycauayan,34
389,Meycauayan River,MEY-4,4,McArthur Highway Brgy. Banga Meycauayan Bulacan,14.73075,120.961339,,,2012-04,2012,4,dry,pre_DAO_2016_08,1.8,,,38,,,,,,,,,,,2,,,,,,Meycauayan,35
390,Meycauayan River,MEY-5,5,Meymart Bridge Brgy. Zamora Meycauayan Bulacan,14.736142,120.95815,,,2012-04,2012,4,dry,pre_DAO_2016_08,1.7,,,31,,,,,,,,,,,2,,,,,,Meycauayan,36
391,Meycauayan River,MEY-1,1,Perez Bridge Brgy. Perez Meycauayan Bulacan,14.758217,120.989964,,,2012-05,2012,5,dry,pre_DAO_2016_08,3.2,,,37,,,,,,,,,,,2,,,,do_mg_l(high),,Meycauayan,38
392,Meycauayan River,MEY-2,2,Expressway Bridge Brgy. Langka Meycauayan Bulacan,14.739206,120.976297,,,2012-05,2012,5,dry,pre_DAO_2016_08,2.1,,,45,,,,,,,,,,,2,,,,,,Meycauayan,39
393,Meycauayan River,MEY-3,3,Viente Reales Bridge Brgy. Viente Reales Valenzuela City MM,14.730028,120.965119,,,2012-05,2012,5,dry,pre_DAO_2016_08,1.7,,,61,,,,,,,,,,,2,,,,,,Meycauayan,40
394,Meycauayan River,MEY-4,4,McArthur Highway Brgy. Banga Meycauayan Bulacan,14.73075,120.961339,,,2012-05,2012,5,dry,pre_DAO_2016_08,2.2,,,26,,,,,,,,,,,2,,,,,,Meycauayan,41
395,Meycauayan River,MEY-5,5,Meymart Bridge Brgy. Zamora Meycauayan Bulacan,14.736142,120.95815,,,2012-05,2012,5,dry,pre_DAO_2016_08,1.4,,,19,,,,,,,,,,,2,,,,,,Meycauayan,42
396,Meycauayan River,MEY-1,1,Perez Bridge Brgy. Perez Meycauayan Bulacan,14.758217,120.989964,,,2012-06,2012,6,wet,pre_DAO_2016_08,2.8,,,23,,,,,,,,,,,2,,,,,,Meycauayan,44
397,Meycauayan River,MEY-2,2,Expressway Bridge Brgy. Langka Meycauayan Bulacan,14.739206,120.976297,,,2012-06,2012,6,wet,pre_DAO_2016_08,1.8,,,45,,,,,,,,,,,2,,,,,,Meycauayan,45
398,Meycauayan River,MEY-3,3,Viente Reales Bridge Brgy. Viente Reales Valenzuela City MM,14.730028,120.965119,,,2012-06,2012,6,wet,pre_DAO_2016_08,1.4,,,39,,,,,,,,,,,2,,,,,,Meycauayan,46
399,Meycauayan River,MEY-4,4,McArthur Highway Brgy. Banga Meycauayan Bulacan,14.73075,120.961339,,,2012-06,2012,6,wet,pre_DAO_2016_08,1.6,,,29,,,,,,,,,,,2,,,,,,Meycauayan,47
400,Meycauayan River,MEY-5,5,Meymart Bridge Brgy. Zamora Meycauayan Bulacan,14.736142,120.95815,,,2012-06,2012,6,wet,pre_DAO_2016_08,1.1,,,31,,,,,,,,,,,2,,,,,,Meycauayan,48
401,Meycauayan River,MEY-1,1,Perez Bridge Brgy. Perez Meycauayan Bulacan,14.758217,120.989964,,,2012-07,2012,7,wet,pre_DAO_2016_08,3.2,,,8,,,,,,,,,,,2,,,,do_mg_l(high),,Meycauayan,50
402,Meycauayan River,MEY-2,2,Expressway Bridge Brgy. Langka Meycauayan Bulacan,14.739206,120.976297,,,2012-07,2012,7,wet,pre_DAO_2016_08,3.1,,,8,,,,,,,,,,,2,,,,do_mg_l(high),,Meycauayan,51
403,Meycauayan River,MEY-3,3,Viente Reales Bridge Brgy. Viente Reales Valenzuela City MM,14.730028,120.965119,,,2012-07,2012,7,wet,pre_DAO_2016_08,3,,,18,,,,,,,,,,,2,,,,do_mg_l(high),,Meycauayan,52
404,Meycauayan River,MEY-4,4,McArthur Highway Brgy. Banga Meycauayan Bulacan,14.73075,120.961339,,,2012-07,2012,7,wet,pre_DAO_2016_08,3.7,,,9,,,,,,,,,,,2,,,,do_mg_l(high),,Meycauayan,53
405,Meycauayan River,MEY-5,5,Meymart Bridge Brgy. Zamora Meycauayan Bulacan,14.736142,120.95815,,,2012-07,2012,7,wet,pre_DAO_2016_08,4.6,,,13,,,,,,,,,,,2,,,,do_mg_l(high),,Meycauayan,54
406,Meycauayan River,MEY-1,1,Perez Bridge Brgy. Perez Meycauayan Bulacan,14.758217,120.989964,,,2012-08,2012,8,wet,pre_DAO_2016_08,1.6,,,20,,,,,,,,,,,2,,,,,,Meycauayan,56
407,Meycauayan River,MEY-2,2,Expressway Bridge Brgy. Langka Meycauayan Bulacan,14.739206,120.976297,,,2012-08,2012,8,wet,pre_DAO_2016_08,1.7,,,47,,,,,,,,,,,2,,,,,,Meycauayan,57
408,Meycauayan River,MEY-3,3,Viente Reales Bridge Brgy. Viente Reales Valenzuela City MM,14.730028,120.965119,,,2012-08,2012,8,wet,pre_DAO_2016_08,1.4,,,56,,,,,,,,,,,2,,,,,,Meycauayan,58
409,Meycauayan River,MEY-4,4,McArthur Highway Brgy. Banga Meycauayan Bulacan,14.73075,120.961339,,,2012-08,2012,8,wet,pre_DAO_2016_08,1.5,,,34,,,,,,,,,,,2,,,,,,Meycauayan,59
410,Meycauayan River,MEY-5,5,Meymart Bridge Brgy. Zamora Meycauayan Bulacan,14.736142,120.95815,,,2012-08,2012,8,wet,pre_DAO_2016_08,1.3,,,29,,,,,,,,,,,2,,,,,,Meycauayan,60
411,Meycauayan River,MEY-1,1,Perez Bridge Brgy. Perez Meycauayan Bulacan,14.758217,120.989964,,,2012-09,2012,9,wet,pre_DAO_2016_08,2.3,,,32,,,,,,,,,,,2,,,,,,Meycauayan,62
412,Meycauayan River,MEY-2,2,Expressway Bridge Brgy. Langka Meycauayan Bulacan,14.739206,120.976297,,,2012-09,2012,9,wet,pre_DAO_2016_08,2.7,,,92,,,,,,,,,,,2,,,,,,Meycauayan,63
413,Meycauayan River,MEY-3,3,Viente Reales Bridge Brgy. Viente Reales Valenzuela City MM,14.730028,120.965119,,,2012-09,2012,9,wet,pre_DAO_2016_08,1.2,,,50,,,,,,,,,,,2,,,,,,Meycauayan,64
414,Meycauayan River,MEY-4,4,McArthur Highway Brgy. Banga Meycauayan Bulacan,14.73075,120.961339,,,2012-09,2012,9,wet,pre_DAO_2016_08,1.1,,,32,,,,,,,,,,,2,,,,,,Meycauayan,65
415,Meycauayan River,MEY-5,5,Meymart Bridge Brgy. Zamora Meycauayan Bulacan,14.736142,120.95815,,,2012-09,2012,9,wet,pre_DAO_2016_08,1.1,,,23,,,,,,,,,,,2,,,,,,Meycauayan,66
416,Meycauayan River,MEY-1,1,Perez Bridge Brgy. Perez Meycauayan Bulacan,14.758217,120.989964,,,2012-10,2012,10,wet,pre_DAO_2016_08,1.4,,,91,,,,,,,,,,,2,,,,,,Meycauayan,68
417,Meycauayan River,MEY-2,2,Expressway Bridge Brgy. Langka Meycauayan Bulacan,14.739206,120.976297,,,2012-10,2012,10,wet,pre_DAO_2016_08,1.7,,,67,,,,,,,,,,,2,,,,,,Meycauayan,69
418,Meycauayan River,MEY-3,3,Viente Reales Bridge Brgy. Viente Reales Valenzuela City MM,14.730028,120.965119,,,2012-10,2012,10,wet,pre_DAO_2016_08,1.1,,,63,,,,,,,,,,,2,,,,,,Meycauayan,70
419,Meycauayan River,MEY-4,4,McArthur Highway Brgy. Banga Meycauayan Bulacan,14.73075,120.961339,,,2012-10,2012,10,wet,pre_DAO_2016_08,1.2,,,90,,,,,,,,,,,2,,,,,,Meycauayan,71
420,Meycauayan River,MEY-5,5,Meymart Bridge Brgy. Zamora Meycauayan Bulacan,14.736142,120.95815,,,2012-10,2012,10,wet,pre_DAO_2016_08,1.4,,,86,,,,,,,,,,,2,,,,,,Meycauayan,72
421,Meycauayan River,MEY-1,1,Perez Bridge Brgy. Perez Meycauayan Bulacan,14.758217,120.989964,,,2012-11,2012,11,wet,pre_DAO_2016_08,1.5,,,64,,,,,,,,,,,2,,,,,,Meycauayan,74
422,Meycauayan River,MEY-2,2,Expressway Bridge Brgy. Langka Meycauayan Bulacan,14.739206,120.976297,,,2012-11,2012,11,wet,pre_DAO_2016_08,1.1,,,183,,,,,,,,,,,2,,,,bod_mg_l(high),,Meycauayan,75
423,Meycauayan River,MEY-3,3,Viente Reales Bridge Brgy. Viente Reales Valenzuela City MM,14.730028,120.965119,,,2012-11,2012,11,wet,pre_DAO_2016_08,1.2,,,101,,,,,,,,,,,2,,,,,,Meycauayan,76
424,Meycauayan River,MEY-4,4,McArthur Highway Brgy. Banga Meycauayan Bulacan,14.73075,120.961339,,,2012-11,2012,11,wet,pre_DAO_2016_08,1,,,117,,,,,,,,,,,2,,,,,,Meycauayan,77
425,Meycauayan River,MEY-5,5,Meymart Bridge Brgy. Zamora Meycauayan Bulacan,14.736142,120.95815,,,2012-11,2012,11,wet,pre_DAO_2016_08,1.1,,,68,,,,,,,,,,,2,,,,,,Meycauayan,78
426,Meycauayan River,MEY-1,1,Perez Bridge Brgy. Perez Meycauayan Bulacan,14.758217,120.989964,,,2012-12,2012,12,dry,pre_DAO_2016_08,1.7,,,94,,,,,,,,,,,2,,,,,,Meycauayan,80
427,Meycauayan River,MEY-2,2,Expressway Bridge Brgy. Langka Meycauayan Bulacan,14.739206,120.976297,,,2012-12,2012,12,dry,pre_DAO_2016_08,1.5,,,106,,,,,,,,,,,2,,,,,,Meycauayan,81
428,Meycauayan River,MEY-3,3,Viente Reales Bridge Brgy. Viente Reales Valenzuela City MM,14.730028,120.965119,,,2012-12,2012,12,dry,pre_DAO_2016_08,1.3,,,96,,,,,,,,,,,2,,,,,,Meycauayan,82
429,Meycauayan River,MEY-4,4,McArthur Highway Brgy. Banga Meycauayan Bulacan,14.73075,120.961339,,,2012-12,2012,12,dry,pre_DAO_2016_08,1.1,,,94,,,,,,,,,,,2,,,,,,Meycauayan,83
430,Meycauayan River,MEY-5,5,Meymart Bridge Brgy. Zamora Meycauayan Bulacan,14.736142,120.95815,,,2012-12,2012,12,dry,pre_DAO_2016_08,1.2,,,90,,,,,,,,,,,2,,,,,,Meycauayan,84
431,Meycauayan River,MEY-1,1,Perez Bridge Brgy. Perez Meycauayan Bulacan,14.758217,120.989964,2013-01-17,10:31,2013-01,2013,1,dry,pre_DAO_2016_08,1.9,8.6,,34,114,,,7000000,,6.8451,28.849,0.161,5.002,,8,,,,tss_mg_l(high);phosphate_p_mg_l(high),,Meycauayan,86
432,Meycauayan River,MEY-2,2,Expressway Bridge Brgy. Langka Meycauayan Bulacan,14.739206,120.976297,2013-01-17,11:02,2013-01,2013,1,dry,pre_DAO_2016_08,1.4,7.8,,143,48,,,35000000,,7.5441,12.394,0.316,3.523,,8,,,,,,Meycauayan,87
433,Meycauayan River,MEY-3,3,Viente Reales Bridge Brgy. Viente Reales Valenzuela City MM,14.730028,120.965119,2013-01-17,11:22,2013-01,2013,1,dry,pre_DAO_2016_08,1.2,8,,60,37,,,3500000,,6.5441,13.343,0.228,3.101,,8,,,,,,Meycauayan,88
434,Meycauayan River,MEY-4,4,McArthur Highway Brgy. Banga Meycauayan Bulacan,14.73075,120.961339,2013-01-17,12:01,2013-01,2013,1,dry,pre_DAO_2016_08,1.3,7.9,,56,34,,,1200000,,6.0792,13.501,0.224,3.206,,8,,,,,,Meycauayan,89
435,Meycauayan River,MEY-5,5,Meymart Bridge Brgy. Zamora Meycauayan Bulacan,14.736142,120.95815,2013-01-17,12:20,2013-01,2013,1,dry,pre_DAO_2016_08,1.1,8.2,,42,30,,,16000000,,7.2041,13.343,0.183,3.154,,8,,,,,,Meycauayan,90
436,Meycauayan River,MEY-1,1,Perez Bridge Brgy. Perez Meycauayan Bulacan,14.758217,120.989964,2013-02-06,10:55,2013-02,2013,2,dry,pre_DAO_2016_08,1.01,8.49,,58,77,,,11000000,,7.0414,17.711,0.161,6.247,,8,,,,tss_mg_l(high);phosphate_p_mg_l(high),,Meycauayan,92
437,Meycauayan River,MEY-2,2,Expressway Bridge Brgy. Langka Meycauayan Bulacan,14.739206,120.976297,2013-02-06,11:35,2013-02,2013,2,dry,pre_DAO_2016_08,0.92,8.16,,100,72,,,35000000,,7.5441,11.395,0.359,2.289,,8,,,,tss_mg_l(high),,Meycauayan,93
438,Meycauayan River,MEY-3,3,Viente Reales Bridge Brgy. Viente Reales Valenzuela City MM,14.730028,120.965119,2013-02-06,11:53,2013-02,2013,2,dry,pre_DAO_2016_08,0.73,8.07,,50,64,,,54000000,,7.7324,11.609,0.073,21.756,,8,,,,tss_mg_l(high);phosphate_p_mg_l(high),,Meycauayan,94
439,Meycauayan River,MEY-4,4,McArthur Highway Brgy. Banga Meycauayan Bulacan,14.73075,120.961339,2013-02-06,12:14,2013-02,2013,2,dry,pre_DAO_2016_08,0.56,8.7,,56,52,,,24000000,,7.3802,15.489,0.112,4.088,,8,,,,,,Meycauayan,95
440,Meycauayan River,MEY-5,5,Meymart Bridge Brgy. Zamora Meycauayan Bulacan,14.736142,120.95815,2013-02-06,12:35,2013-02,2013,2,dry,pre_DAO_2016_08,1,8.79,,46,53,,,4600000,,6.6628,14.017,0.054,2.973,,8,,,,,,Meycauayan,96
441,Meycauayan River,MEY-1,1,Perez Bridge Brgy. Perez Meycauayan Bulacan,14.758217,120.989964,2013-03-13,10:43,2013-03,2013,3,dry,pre_DAO_2016_08,1.4,8.6,,88,121,,,9200000,,6.9638,23.846,0.173,4.384,,8,,,,tss_mg_l(high),,Meycauayan,98
442,Meycauayan River,MEY-2,2,Expressway Bridge Brgy. Langka Meycauayan Bulacan,14.739206,120.976297,2013-03-13,11:15,2013-03,2013,3,dry,pre_DAO_2016_08,1.3,8.4,,96,58,,,340000,,5.5315,13.11,0.049,3.43,,8,,,,tss_mg_l(high),,Meycauayan,99
443,Meycauayan River,MEY-3,3,Viente Reales Bridge Brgy. Viente Reales Valenzuela City MM,14.730028,120.965119,2013-03-13,11:40,2013-03,2013,3,dry,pre_DAO_2016_08,1.2,8.3,,68,48,,,9200000,,6.9638,13.918,0.06,3.728,,8,,,,,,Meycauayan,100
444,Meycauayan River,MEY-4,4,McArthur Highway Brgy. Banga Meycauayan Bulacan,14.73075,120.961339,2013-03-13,12:08,2013-03,2013,3,dry,pre_DAO_2016_08,1.1,8.2,,50,53,,,1700000,,6.2304,12.496,0.059,3.311,,8,,,,,,Meycauayan,101
445,Meycauayan River,MEY-5,5,Meymart Bridge Brgy. Zamora Meycauayan Bulacan,14.736142,120.95815,2013-03-13,12:24,2013-03,2013,3,dry,pre_DAO_2016_08,1.01,8.1,,44,58,,,9200000,,6.9638,13.498,0.062,3.251,,8,,,,tss_mg_l(high),,Meycauayan,102
446,Meycauayan River,MEY-1,1,Perez Bridge Brgy. Perez Meycauayan Bulacan,14.758217,120.989964,2013-04-24,10:35,2013-04,2013,4,dry,pre_DAO_2016_08,1.2,8.1,,51,43,,,16000000,,7.2041,26.318,0.297,6.242,,8,,,,phosphate_p_mg_l(high),,Meycauayan,104
447,Meycauayan River,MEY-2,2,Expressway Bridge Brgy. Langka Meycauayan Bulacan,14.739206,120.976297,2013-04-24,11:00,2013-04,2013,4,dry,pre_DAO_2016_08,0.8,8.2,,57,60,,,35000000,,7.5441,12.412,0.206,2.308,,8,,,,tss_mg_l(high),,Meycauayan,105
448,Meycauayan River,MEY-3,3,Viente Reales Bridge Brgy. Viente Reales Valenzuela City MM,14.730028,120.965119,2013-04-24,11:28,2013-04,2013,4,dry,pre_DAO_2016_08,0.9,8.4,,270,280,,,160000000,,8.2041,7.719,0.117,2.343,,8,,,,bod_mg_l(high);tss_mg_l(high),,Meycauayan,106
449,Meycauayan River,MEY-4,4,McArthur Highway Brgy. Banga Meycauayan Bulacan,14.73075,120.961339,2013-04-24,11:54,2013-04,2013,4,dry,pre_DAO_2016_08,1.1,8.1,,38,56,,,2800000,,6.4472,10.706,0.106,4.024,,8,,,,,,Meycauayan,107
450,Meycauayan River,MEY-5,5,Meymart Bridge Brgy. Zamora Meycauayan Bulacan,14.736142,120.95815,2013-04-24,00:18,2013-04,2013,4,dry,pre_DAO_2016_08,1.3,8.2,,32,58,,,920000,,5.9638,11.509,0.089,2.951,,8,,,,tss_mg_l(high),,Meycauayan,108
451,Meycauayan River,MEY-1,1,Perez Bridge Brgy. Perez Meycauayan Bulacan,14.758217,120.989964,2013-05-15,10:45,2013-05,2013,5,dry,pre_DAO_2016_08,1.7,8.6,,8,145,,,24000000,,7.3802,3.896,0.231,0.9,,8,,,,tss_mg_l(high),,Meycauayan,110
452,Meycauayan River,MEY-2,2,Expressway Bridge Brgy. Langka Meycauayan Bulacan,14.739206,120.976297,2013-05-15,11:00,2013-05,2013,5,dry,pre_DAO_2016_08,1.3,8.1,,29,90,,,24000000,,7.3802,9.618,0.114,1.125,,8,,,,tss_mg_l(high),,Meycauayan,111
453,Meycauayan River,MEY-3,3,Viente Reales Bridge Brgy. Viente Reales Valenzuela City MM,14.730028,120.965119,2013-05-15,11:26,2013-05,2013,5,dry,pre_DAO_2016_08,1.2,8.03,,27,80,,,35000000,,7.5441,9.565,0.106,1.075,,8,,,,tss_mg_l(high),,Meycauayan,112
454,Meycauayan River,MEY-4,4,McArthur Highway Brgy. Banga Meycauayan Bulacan,14.73075,120.961339,2013-05-15,11:57,2013-05,2013,5,dry,pre_DAO_2016_08,1.1,8.3,,33,20,,,16000000,,7.2041,9.934,0.148,0.25,,8,,,,,,Meycauayan,113
455,Meycauayan River,MEY-5,5,Meymart Bridge Brgy. Zamora Meycauayan Bulacan,14.736142,120.95815,2013-05-15,12:13,2013-05,2013,5,dry,pre_DAO_2016_08,0.9,8.5,,23,80,,,17000000,,7.2304,10.409,0.141,0.25,,8,,,,tss_mg_l(high),,Meycauayan,114
456,Meycauayan River,MEY-1,1,Perez Bridge Brgy. Perez Meycauayan Bulacan,14.758217,120.989964,2013-06-05,11:45,2013-06,2013,6,wet,pre_DAO_2016_08,2.1,8.07,,54,28,,,17000000,,7.2304,24.844,0.168,4.665,,8,,,,,,Meycauayan,116
457,Meycauayan River,MEY-2,2,Expressway Bridge Brgy. Langka Meycauayan Bulacan,14.739206,120.976297,2013-06-05,11:05,2013-06,2013,6,wet,pre_DAO_2016_08,1.1,8.09,,46,38,,,2400000,,6.3802,28.202,0.378,3.708,,8,,,,,,Meycauayan,117
458,Meycauayan River,MEY-3,3,Viente Reales Bridge Brgy. Viente Reales Valenzuela City MM,14.730028,120.965119,2013-06-05,11:36,2013-06,2013,6,wet,pre_DAO_2016_08,1.4,8.04,,45,31,,,11000000,,7.0414,12.48,0.294,3.315,,8,,,,,,Meycauayan,118
459,Meycauayan River,MEY-4,4,McArthur Highway Brgy. Banga Meycauayan Bulacan,14.73075,120.961339,2013-06-05,11:59,2013-06,2013,6,wet,pre_DAO_2016_08,1.2,8.1,,38,33,,,2400000,,6.3802,12.862,0.569,3.765,,8,,,,,,Meycauayan,119
460,Meycauayan River,MEY-5,5,Meymart Bridge Brgy. Zamora Meycauayan Bulacan,14.736142,120.95815,2013-06-05,12:23,2013-06,2013,6,wet,pre_DAO_2016_08,0.9,8,,47,40,,,3500000,,6.5441,17.085,0.41,3.089,,8,,,,,,Meycauayan,120
461,Meycauayan River,MEY-1,1,Perez Bridge Brgy. Perez Meycauayan Bulacan,14.758217,120.989964,2013-07-04,10:46,2013-07,2013,7,wet,pre_DAO_2016_08,1.6,7.9,,120,5,,,17000000,,7.2304,5.425,0.264,1.377,,8,,,,,,Meycauayan,122
462,Meycauayan River,MEY-2,2,Expressway Bridge Brgy. Langka Meycauayan Bulacan,14.739206,120.976297,2013-07-04,11:20,2013-07,2013,7,wet,pre_DAO_2016_08,1.1,7.6,,8,29,,,24000000,,7.3802,5.378,0.265,1.139,,8,,,,,,Meycauayan,123
463,Meycauayan River,MEY-3,3,Viente Reales Bridge Brgy. Viente Reales Valenzuela City MM,14.730028,120.965119,2013-07-04,11:50,2013-07,2013,7,wet,pre_DAO_2016_08,1.2,6.6,,36,11,,,160000000,,8.2041,7.214,0.121,1.496,,8,,,,,,Meycauayan,124
464,Meycauayan River,MEY-4,4,McArthur Highway Brgy. Banga Meycauayan Bulacan,14.73075,120.961339,2013-07-04,12:16,2013-07,2013,7,wet,pre_DAO_2016_08,1.3,6.8,,40,19,,,92000000,,7.9638,4.389,0.139,1.536,,8,,,,,,Meycauayan,125
465,Meycauayan River,MEY-5,5,Meymart Bridge Brgy. Zamora Meycauayan Bulacan,14.736142,120.95815,2013-07-04,12:36,2013-07,2013,7,wet,pre_DAO_2016_08,0.9,6.4,,40,11,,,3500000000,,9.5441,6.084,0.598,1.457,,8,,,,total_coliform_mpn_100ml(high),,Meycauayan,126
466,Meycauayan River,MEY-1,1,Perez Bridge Brgy. Perez Meycauayan Bulacan,14.758217,120.989964,2013-08-07,09:57,2013-08,2013,8,wet,pre_DAO_2016_08,1.8,6.4,,13,21,,,24000000,,7.3802,5.663,0.334,0.834,,8,,,,,,Meycauayan,128
467,Meycauayan River,MEY-2,2,Expressway Bridge Brgy. Langka Meycauayan Bulacan,14.739206,120.976297,2013-08-07,10:22,2013-08,2013,8,wet,pre_DAO_2016_08,1.6,6.6,,16,24,,,7000000,,6.8451,5.985,0.09,0.967,,8,,,,,,Meycauayan,129
468,Meycauayan River,MEY-3,3,Viente Reales Bridge Brgy. Viente Reales Valenzuela City MM,14.730028,120.965119,2013-08-07,10:35,2013-08,2013,8,wet,pre_DAO_2016_08,1.9,6.3,,20,19,,,160000000,,8.2041,21.723,0.042,0.984,,8,,,,,,Meycauayan,130
469,Meycauayan River,MEY-4,4,McArthur Highway Brgy. Banga Meycauayan Bulacan,14.73075,120.961339,2013-08-07,10:56,2013-08,2013,8,wet,pre_DAO_2016_08,1.4,6.2,,12,21,,,2400000,,6.3802,20.965,0.037,1.067,,8,,,,,,Meycauayan,131
470,Meycauayan River,MEY-5,5,Meymart Bridge Brgy. Zamora Meycauayan Bulacan,14.736142,120.95815,2013-08-07,11:13,2013-08,2013,8,wet,pre_DAO_2016_08,1.2,6.3,,8,17,,,9200000,,6.9638,6.481,0.031,1.067,,8,,,,,,Meycauayan,132
471,Meycauayan River,MEY-1,1,Perez Bridge Brgy. Perez Meycauayan Bulacan,14.758217,120.989964,2013-09-04,10:37,2013-09,2013,9,wet,pre_DAO_2016_08,2.8,6.1,,9,60,,,3500000,,6.5441,2.649,0.5,0.333,,8,,,,tss_mg_l(high),,Meycauayan,134
472,Meycauayan River,MEY-2,2,Expressway Bridge Brgy. Langka Meycauayan Bulacan,14.739206,120.976297,2013-09-04,11:03,2013-09,2013,9,wet,pre_DAO_2016_08,1.8,6.2,,22,55,,,170,,2.2304,2.649,0.305,0.35,,8,,,,total_coliform_mpn_100ml(low),,Meycauayan,135
473,Meycauayan River,MEY-3,3,Viente Reales Bridge Brgy. Viente Reales Valenzuela City MM,14.730028,120.965119,2013-09-04,11:34,2013-09,2013,9,wet,pre_DAO_2016_08,1.1,6.3,,35,30,,,54000000,,7.7324,2.255,0.025,0.4,,8,nitrate_n_mg_l(<0.05),,,,,Meycauayan,136
474,Meycauayan River,MEY-4,4,McArthur Highway Brgy. Banga Meycauayan Bulacan,14.73075,120.961339,2013-09-04,12:05,2013-09,2013,9,wet,pre_DAO_2016_08,1.2,6.2,,48,40,,,35000000,,7.5441,3.131,0.025,0.467,,8,nitrate_n_mg_l(<0.05),,,,,Meycauayan,137
475,Meycauayan River,MEY-5,5,Meymart Bridge Brgy. Zamora Meycauayan Bulacan,14.736142,120.95815,2013-09-04,12:26,2013-09,2013,9,wet,pre_DAO_2016_08,0.9,6.1,,47,25,,,35000000,,7.5441,3.81,0.025,0.6,,8,nitrate_n_mg_l(<0.05),,,,,Meycauayan,138
476,Meycauayan River,MEY-1,1,Perez Bridge Brgy. Perez Meycauayan Bulacan,14.758217,120.989964,2013-10-16,10:44,2013-10,2013,10,wet,pre_DAO_2016_08,3.78,6.95,,7,44,,,3500000000,,9.5441,2.513,0.342,0.149,,8,,,,do_mg_l(high);total_coliform_mpn_100ml(high),,Meycauayan,140
477,Meycauayan River,MEY-2,2,Expressway Bridge Brgy. Langka Meycauayan Bulacan,14.739206,120.976297,2013-10-16,11:10,2013-10,2013,10,wet,pre_DAO_2016_08,2.81,7.1,,11,35,,,92000000,,7.9638,1.144,0.65,0.196,,8,,,,,,Meycauayan,141
478,Meycauayan River,MEY-3,3,Viente Reales Bridge Brgy. Viente Reales Valenzuela City MM,14.730028,120.965119,2013-10-16,11:47,2013-10,2013,10,wet,pre_DAO_2016_08,1.73,6.8,,27,13,,,24000000,,7.3802,4.5,0.144,0.307,,8,,,,,,Meycauayan,142
479,Meycauayan River,MEY-4,4,McArthur Highway Brgy. Banga Meycauayan Bulacan,14.73075,120.961339,2013-10-16,12:12,2013-10,2013,10,wet,pre_DAO_2016_08,1.6,6.9,,42,24,,,540000000,,8.7324,3.426,0.119,0.529,,8,,,,total_coliform_mpn_100ml(high),,Meycauayan,143
480,Meycauayan River,MEY-5,5,Meymart Bridge Brgy. Zamora Meycauayan Bulacan,14.736142,120.95815,2013-10-16,12:25,2013-10,2013,10,wet,pre_DAO_2016_08,1.4,6.82,,42,37,,,46000000,,7.6628,3.319,0.138,0.576,,8,,,,,,Meycauayan,144
481,Meycauayan River,MEY-1,1,Perez Bridge Brgy. Perez Meycauayan Bulacan,14.758217,120.989964,2013-11-14,11:20,2013-11,2013,11,wet,pre_DAO_2016_08,3.1,7.78,,14,11,,,16000000,,7.2041,12.184,0.285,1.117,,8,,,,do_mg_l(high),,Meycauayan,146
482,Meycauayan River,MEY-2,2,Expressway Bridge Brgy. Langka Meycauayan Bulacan,14.739206,120.976297,2013-11-14,11:31,2013-11,2013,11,wet,pre_DAO_2016_08,1.1,7.26,,97,34,,,9200000,,6.9638,12.315,0.259,1.601,,8,,,,,,Meycauayan,147
483,Meycauayan River,MEY-3,3,Viente Reales Bridge Brgy. Viente Reales Valenzuela City MM,14.730028,120.965119,2013-11-14,11:52,2013-11,2013,11,wet,pre_DAO_2016_08,1.2,7.21,,123,23,,,35000000,,7.5441,12.06,0.252,1.501,,8,,,,,,Meycauayan,148
484,Meycauayan River,MEY-4,4,McArthur Highway Brgy. Banga Meycauayan Bulacan,14.73075,120.961339,2013-11-14,12:06,2013-11,2013,11,wet,pre_DAO_2016_08,0.9,7.51,,169,27,,,11000000,,7.0414,11.11,0.249,1.067,,8,,,,bod_mg_l(high),,Meycauayan,149
485,Meycauayan River,MEY-5,5,Meymart Bridge Brgy. Zamora Meycauayan Bulacan,14.736142,120.95815,2013-11-14,12:18,2013-11,2013,11,wet,pre_DAO_2016_08,0.8,7.89,,87,21,,,16000000,,7.2041,11.859,0.379,1.067,,8,,,,,,Meycauayan,150
486,Meycauayan River,MEY-1,1,Perez Bridge Brgy. Perez Meycauayan Bulacan,14.758217,120.989964,2013-12-11,09:40,2013-12,2013,12,dry,pre_DAO_2016_08,0.85,8.51,,102,25,,,35000000,,7.5441,8.057,0.134,4.68,,8,,,,,,Meycauayan,152
487,Meycauayan River,MEY-2,2,Expressway Bridge Brgy. Langka Meycauayan Bulacan,14.739206,120.976297,2013-12-11,10:12,2013-12,2013,12,dry,pre_DAO_2016_08,0.25,7.94,,144,74,,,16000000,,7.2041,7.187,0.272,1.414,,8,,,,tss_mg_l(high),,Meycauayan,153
488,Meycauayan River,MEY-3,3,Viente Reales Bridge Brgy. Viente Reales Valenzuela City MM,14.730028,120.965119,2013-12-11,10:37,2013-12,2013,12,dry,pre_DAO_2016_08,0.45,8.05,,61,29,,,54000000,,7.7324,5.957,0.075,1.522,,8,,,,,,Meycauayan,154
489,Meycauayan River,MEY-4,4,McArthur Highway Brgy. Banga Meycauayan Bulacan,14.73075,120.961339,2013-12-11,11:08,2013-12,2013,12,dry,pre_DAO_2016_08,0.46,8.6,,127,38,,,35000000,,7.5441,6.063,0.156,3.088,,8,,,,,,Meycauayan,155
490,Meycauayan River,MEY-5,5,Meymart Bridge Brgy. Zamora Meycauayan Bulacan,14.736142,120.95815,2013-12-11,11:34,2013-12,2013,12,dry,pre_DAO_2016_08,0.53,8.94,,87,24,,,5400000,,6.7324,5.483,0.105,2.548,,8,,,,,,Meycauayan,156
491,Meycauayan River,MEY-1,1,Perez Bridge Brgy. Perez Meycauayan Bulacan,14.758217,120.989964,2014-01-22,10:31,2014-01,2014,1,dry,pre_DAO_2016_08,0.15,8.57,,87,7,,,16000000,,7.2041,7.611,0.102,0.956,,8,,,,,,Meycauayan,158
492,Meycauayan River,MEY-2,2,Expressway Bridge Brgy. Langka Meycauayan Bulacan,14.739206,120.976297,2014-01-22,11:04,2014-01,2014,1,dry,pre_DAO_2016_08,0.1,7.87,,270,18,,,11000000,,7.0414,5.708,0.102,0.293,,8,,,,bod_mg_l(high),,Meycauayan,159
493,Meycauayan River,MEY-3,3,Viente Reales Bridge Brgy. Viente Reales Valenzuela City MM,14.730028,120.965119,2014-01-22,11:34,2014-01,2014,1,dry,pre_DAO_2016_08,0.16,7.95,,107,39,,,160000000,,8.2041,3.472,0.1,0.315,,8,,,,,,Meycauayan,160
494,Meycauayan River,MEY-4,4,McArthur Highway Brgy. Banga Meycauayan Bulacan,14.73075,120.961339,2014-01-22,12:01,2014-01,2014,1,dry,pre_DAO_2016_08,0.28,8.54,,112,27,,,54000000,,7.7324,5.771,0.099,0.635,,8,,,,,,Meycauayan,161
495,Meycauayan River,MEY-5,5,Meymart Bridge Brgy. Zamora Meycauayan Bulacan,14.736142,120.95815,2014-01-22,12:23,2014-01,2014,1,dry,pre_DAO_2016_08,0.39,8.7,,79,17,,,16000000,,7.2041,5.159,0.134,0.525,,8,,,,,,Meycauayan,162
496,Meycauayan River,MEY-1,1,Perez Bridge Brgy. Perez Meycauayan Bulacan,14.758217,120.989964,2014-02-12,10:35,2014-02,2014,2,dry,pre_DAO_2016_08,0.58,8.56,,73,64,,,35000000,,7.5441,3.272,1.009,1.17,,8,,,,tss_mg_l(high);nitrate_n_mg_l(high),,Meycauayan,164
497,Meycauayan River,MEY-2,2,Expressway Bridge Brgy. Langka Meycauayan Bulacan,14.739206,120.976297,2014-02-12,11:05,2014-02,2014,2,dry,pre_DAO_2016_08,0.37,8.15,,73,40,,,2400000,,6.3802,3.607,0.358,1.091,,8,,,,,,Meycauayan,165
498,Meycauayan River,MEY-3,3,Viente Reales Bridge Brgy. Viente Reales Valenzuela City MM,14.730028,120.965119,2014-02-12,11:20,2014-02,2014,2,dry,pre_DAO_2016_08,0.16,8.05,,53,24,,,3500000,,6.5441,2.641,0.741,2.222,,8,,,,nitrate_n_mg_l(high),,Meycauayan,166
499,Meycauayan River,MEY-4,4,McArthur Highway Brgy. Banga Meycauayan Bulacan,14.73075,120.961339,2014-02-12,12:00,2014-02,2014,2,dry,pre_DAO_2016_08,0.45,8.47,,117,39,,,1600,,3.2041,0.609,0.741,2.406,,8,total_coliform_mpn_100ml(>1600),,,total_coliform_mpn_100ml(low);nitrate_n_mg_l(high),,Meycauayan,167
500,Meycauayan River,MEY-5,5,Meymart Bridge Brgy. Zamora Meycauayan Bulacan,14.736142,120.95815,2014-02-12,12:24,2014-02,2014,2,dry,pre_DAO_2016_08,0.39,8.4,,74,25,,,1600,,3.2041,0.675,0.741,2.433,,8,total_coliform_mpn_100ml(>1600),,,total_coliform_mpn_100ml(low);nitrate_n_mg_l(high),,Meycauayan,168
501,Meycauayan River,MEY-1,1,Perez Bridge Brgy. Perez Meycauayan Bulacan,14.758217,120.989964,2014-03-05,10:07,2014-03,2014,3,dry,pre_DAO_2016_08,1.6,8.65,,47,26,,,13000000,,7.1139,28.391,0.111,3.653,,8,,,,,,Meycauayan,170
502,Meycauayan River,MEY-2,2,Expressway Bridge Brgy. Langka Meycauayan Bulacan,14.739206,120.976297,2014-03-05,10:46,2014-03,2014,3,dry,pre_DAO_2016_08,0.2,8.25,,56,56,,,24000000,,7.3802,8.697,0.519,1.452,,8,,,,,,Meycauayan,171
503,Meycauayan River,MEY-3,3,Viente Reales Bridge Brgy. Viente Reales Valenzuela City MM,14.730028,120.965119,2014-03-05,11:16,2014-03,2014,3,dry,pre_DAO_2016_08,0.26,8.12,,51,29,,,2100000,,6.3222,9.188,0.519,1.303,,8,,,,,,Meycauayan,172
504,Meycauayan River,MEY-4,4,McArthur Highway Brgy. Banga Meycauayan Bulacan,14.73075,120.961339,2014-03-05,12:05,2014-03,2014,3,dry,pre_DAO_2016_08,0.45,8.47,,37,31,,,3300000,,6.5185,13.697,0.024,2.01,,8,nitrate_n_mg_l(<0.048),,,,,Meycauayan,173
505,Meycauayan River,MEY-5,5,Meymart Bridge Brgy. Zamora Meycauayan Bulacan,14.736142,120.95815,2014-03-05,12:24,2014-03,2014,3,dry,pre_DAO_2016_08,0.43,8.49,,40,27,,,2300000,,6.3617,14.619,0.184,1.992,,8,,,,,,Meycauayan,174
506,Meycauayan River,MEY-1,1,Perez Bridge Brgy. Perez Meycauayan Bulacan,14.758217,120.989964,2014-04-23,09:23,2014-04,2014,4,dry,pre_DAO_2016_08,1.45,8.46,,48,16,,,16000000,,7.2041,11.667,0.284,5.679,,8,total_coliform_mpn_100ml(>16000000),,,phosphate_p_mg_l(high),,Meycauayan,176
507,Meycauayan River,MEY-2,2,Expressway Bridge Brgy. Langka Meycauayan Bulacan,14.739206,120.976297,2014-04-23,10:10,2014-04,2014,4,dry,pre_DAO_2016_08,0,8.36,,56,118,,,13000000,,7.1139,9.258,1.113,2.454,,8,,,,tss_mg_l(high);nitrate_n_mg_l(high),,Meycauayan,177
508,Meycauayan River,MEY-3,3,Viente Reales Bridge Brgy. Viente Reales Valenzuela City MM,14.730028,120.965119,2014-04-23,10:47,2014-04,2014,4,dry,pre_DAO_2016_08,0.15,8.15,,48,29,,,92000000,,7.9638,13.131,0.516,2.947,,8,,,,,,Meycauayan,178
509,Meycauayan River,MEY-4,4,McArthur Highway Brgy. Banga Meycauayan Bulacan,14.73075,120.961339,2014-04-23,11:48,2014-04,2014,4,dry,pre_DAO_2016_08,0.08,8.19,,25,48,,,1700000,,6.2304,12.791,0.514,3.163,,8,,,,,,Meycauayan,179
510,Meycauayan River,MEY-5,5,Meymart Bridge Brgy. Zamora Meycauayan Bulacan,14.736142,120.95815,2014-04-23,12:04,2014-04,2014,4,dry,pre_DAO_2016_08,0.1,8.33,,17,43,,,540000,,5.7324,14.177,0.564,3.217,,8,,,,,,Meycauayan,180
511,Meycauayan River,MEY-1,1,Perez Bridge Brgy. Perez Meycauayan Bulacan,14.758217,120.989964,2014-05-27,12:30,2014-05,2014,5,dry,pre_DAO_2016_08,2.13,8.35,,40,8,,,9200000,,6.9638,23.54,0.268,2.976,,8,,,,,,Meycauayan,182
512,Meycauayan River,MEY-2,2,Expressway Bridge Brgy. Langka Meycauayan Bulacan,14.739206,120.976297,2014-05-27,13:04,2014-05,2014,5,dry,pre_DAO_2016_08,0,7.65,,34,89,,,9200000,,6.9638,16.791,0.288,1.636,,8,,,,tss_mg_l(high),,Meycauayan,183
513,Meycauayan River,MEY-3,3,Viente Reales Bridge Brgy. Viente Reales Valenzuela City MM,14.730028,120.965119,2014-05-27,13:31,2014-05,2014,5,dry,pre_DAO_2016_08,0.09,7.54,,67,27,,,7000000,,6.8451,11.6,0.274,1.428,,8,,,,,,Meycauayan,184
514,Meycauayan River,MEY-4,4,McArthur Highway Brgy. Banga Meycauayan Bulacan,14.73075,120.961339,2014-05-27,13:49,2014-05,2014,5,dry,pre_DAO_2016_08,0.09,7.59,,48,39,,,790000,,5.8976,15.362,0.205,2.227,,8,,,,,,Meycauayan,185
515,Meycauayan River,MEY-5,5,Meymart Bridge Brgy. Zamora Meycauayan Bulacan,14.736142,120.95815,2014-05-27,14:10,2014-05,2014,5,dry,pre_DAO_2016_08,0.14,7.74,,40,28,,,460000,,5.6628,15.244,0.194,2.46,,8,,,,,,Meycauayan,186
516,Meycauayan River,MEY-1,1,Perez Bridge Brgy. Perez Meycauayan Bulacan,14.758217,120.989964,2014-06-11,10:53,2014-06,2014,6,wet,pre_DAO_2016_08,2.9,8.32,,9,19,,,3500000,,6.5441,8.882,0.743,0.292,,8,,,,do_mg_l(high);nitrate_n_mg_l(high),,Meycauayan,188
517,Meycauayan River,MEY-2,2,Expressway Bridge Brgy. Langka Meycauayan Bulacan,14.739206,120.976297,2014-06-11,11:24,2014-06,2014,6,wet,pre_DAO_2016_08,0.28,7.38,,12,24,,,3500000,,6.5441,10.45,0.279,0.195,,8,,,,,,Meycauayan,189
518,Meycauayan River,MEY-3,3,Viente Reales Bridge Brgy. Viente Reales Valenzuela City MM,14.730028,120.965119,2014-06-11,11:48,2014-06,2014,6,wet,pre_DAO_2016_08,0.35,7.31,,13,28,,,9200000,,6.9638,10.085,0.234,0.206,,8,,,,,,Meycauayan,190
519,Meycauayan River,MEY-4,4,McArthur Highway Brgy. Banga Meycauayan Bulacan,14.73075,120.961339,2014-06-11,12:15,2014-06,2014,6,wet,pre_DAO_2016_08,0.1,7.47,,15,13,,,9200000,,6.9638,10.369,0.142,0.166,,8,,,,,,Meycauayan,191
520,Meycauayan River,MEY-5,5,Meymart Bridge Brgy. Zamora Meycauayan Bulacan,14.736142,120.95815,2014-06-11,12:35,2014-06,2014,6,wet,pre_DAO_2016_08,0.21,7.3,,13,21,,,2400000,,6.3802,10.101,0.145,0.753,,8,,,,,,Meycauayan,192
521,Meycauayan River,MEY-1,1,Perez Bridge Brgy. Perez Meycauayan Bulacan,14.758217,120.989964,2014-07-03,08:50,2014-07,2014,7,wet,pre_DAO_2016_08,2.1,7.75,,13,9,,,3500000,,6.5441,7.643,0.217,0.919,,8,,,,,,Meycauayan,194
522,Meycauayan River,MEY-2,2,Expressway Bridge Brgy. Langka Meycauayan Bulacan,14.739206,120.976297,2014-07-03,09:19,2014-07,2014,7,wet,pre_DAO_2016_08,1.08,7.73,,7,24,,,17000000,,7.2304,4.976,1.103,1.335,,8,,,,nitrate_n_mg_l(high),,Meycauayan,195
523,Meycauayan River,MEY-3,3,Viente Reales Bridge Brgy. Viente Reales Valenzuela City MM,14.730028,120.965119,2014-07-03,09:45,2014-07,2014,7,wet,pre_DAO_2016_08,0.32,7.4,,11,33,,,16000000,,7.2041,4.57,1.218,1.33,,8,,,,nitrate_n_mg_l(high),,Meycauayan,196
524,Meycauayan River,MEY-4,4,McArthur Highway Brgy. Banga Meycauayan Bulacan,14.73075,120.961339,2014-07-03,10:11,2014-07,2014,7,wet,pre_DAO_2016_08,0.21,7.07,,4,20,,,22000000,,7.3424,4.96,1.146,0.898,,8,,,,nitrate_n_mg_l(high),,Meycauayan,197
525,Meycauayan River,MEY-5,5,Meymart Bridge Brgy. Zamora Meycauayan Bulacan,14.736142,120.95815,2014-07-03,10:34,2014-07,2014,7,wet,pre_DAO_2016_08,0.32,7.18,,57,21,,,9200000,,6.9638,5.483,1.166,0.89,,8,,,,nitrate_n_mg_l(high),,Meycauayan,198
526,Meycauayan River,MEY-1,1,Perez Bridge Brgy. Perez Meycauayan Bulacan,14.758217,120.989964,2014-08-13,10:30,2014-08,2014,8,wet,pre_DAO_2016_08,1.1,7.96,,24,27,,,3500000,,6.5441,18.785,0.315,4.333,,8,,,,,,Meycauayan,200
527,Meycauayan River,MEY-2,2,Expressway Bridge Brgy. Langka Meycauayan Bulacan,14.739206,120.976297,2014-08-13,10:50,2014-08,2014,8,wet,pre_DAO_2016_08,0.29,7.41,,24,19,,,790000,,5.8976,9.388,0.241,3.097,,8,,,,,,Meycauayan,201
528,Meycauayan River,MEY-3,3,Viente Reales Bridge Brgy. Viente Reales Valenzuela City MM,14.730028,120.965119,2014-08-13,11:30,2014-08,2014,8,wet,pre_DAO_2016_08,0.41,7.42,,44,26,,,790000,,5.8976,9.775,0.315,3.19,,8,,,,,,Meycauayan,202
529,Meycauayan River,MEY-4,4,McArthur Highway Brgy. Banga Meycauayan Bulacan,14.73075,120.961339,2014-08-13,12:01,2014-08,2014,8,wet,pre_DAO_2016_08,0.11,7.58,,28,14,,,1400000,,6.1461,9.448,0.296,3.174,,8,,,,,,Meycauayan,203
530,Meycauayan River,MEY-5,5,Meymart Bridge Brgy. Zamora Meycauayan Bulacan,14.736142,120.95815,2014-08-13,12:15,2014-08,2014,8,wet,pre_DAO_2016_08,0.32,7.39,,26,19,,,2400000,,6.3802,10.181,0.426,3.129,,8,,,,,,Meycauayan,204
531,Meycauayan River,MEY-1,1,Perez Bridge Brgy. Perez Meycauayan Bulacan,14.758217,120.989964,2014-09-11,11:50,2014-09,2014,9,wet,pre_DAO_2016_08,2.5,7.97,,23,11,,,5400000,,6.7324,18.133,0.185,6.13,,8,,,,phosphate_p_mg_l(high),,Meycauayan,206
532,Meycauayan River,MEY-2,2,Expressway Bridge Brgy. Langka Meycauayan Bulacan,14.739206,120.976297,2014-09-11,12:15,2014-09,2014,9,wet,pre_DAO_2016_08,0.44,7.54,,9,5,,,5400000,,6.7324,12.815,0.218,8.134,,8,,,,phosphate_p_mg_l(high),,Meycauayan,207
533,Meycauayan River,MEY-3,3,Viente Reales Bridge Brgy. Viente Reales Valenzuela City MM,14.730028,120.965119,2014-09-11,12:40,2014-09,2014,9,wet,pre_DAO_2016_08,0.39,7.72,,33,8,,,5400000,,6.7324,16.057,0.152,5.407,,8,,,,phosphate_p_mg_l(high),,Meycauayan,208
534,Meycauayan River,MEY-4,4,McArthur Highway Brgy. Banga Meycauayan Bulacan,14.73075,120.961339,2014-09-11,13:01,2014-09,2014,9,wet,pre_DAO_2016_08,0.31,7.8,,20,5,,,9200000,,6.9638,16.962,0.287,1.8,,8,,,,,,Meycauayan,209
535,Meycauayan River,MEY-5,5,Meymart Bridge Brgy. Zamora Meycauayan Bulacan,14.736142,120.95815,2014-09-11,13:16,2014-09,2014,9,wet,pre_DAO_2016_08,0.22,7.82,,13,6,,,16000000,,7.2041,13.21,0.213,1.494,,8,,,,,,Meycauayan,210
536,Meycauayan River,MEY-1,1,Perez Bridge Brgy. Perez Meycauayan Bulacan,14.758217,120.989964,2014-10-17,09:45,2014-10,2014,10,wet,pre_DAO_2016_08,3.2,7.82,,10,10,,,1300000,,6.1139,5.754,0.419,1.035,,8,,,,do_mg_l(high),YEAR_CORRECTED_TO_BLOCK,Meycauayan,212
537,Meycauayan River,MEY-2,2,Expressway Bridge Brgy. Langka Meycauayan Bulacan,14.739206,120.976297,2014-10-17,10:20,2014-10,2014,10,wet,pre_DAO_2016_08,0.31,7.59,,22,23,,,2400000,,6.3802,3.626,0.362,1.124,,8,,,,,YEAR_CORRECTED_TO_BLOCK,Meycauayan,213
538,Meycauayan River,MEY-3,3,Viente Reales Bridge Brgy. Viente Reales Valenzuela City MM,14.730028,120.965119,2014-10-17,10:50,2014-10,2014,10,wet,pre_DAO_2016_08,0.51,7.57,,30,13,,,230000,,5.3617,6.484,0.199,1.029,,8,,,,,YEAR_CORRECTED_TO_BLOCK,Meycauayan,214
539,Meycauayan River,MEY-4,4,McArthur Highway Brgy. Banga Meycauayan Bulacan,14.73075,120.961339,2014-10-17,11:11,2014-10,2014,10,wet,pre_DAO_2016_08,0.15,7.46,,36,11,,,16000000,,7.2041,7.086,0.282,0.928,,8,total_coliform_mpn_100ml(>16000000),,,,YEAR_CORRECTED_TO_BLOCK,Meycauayan,215
540,Meycauayan River,MEY-5,5,Meymart Bridge Brgy. Zamora Meycauayan Bulacan,14.736142,120.95815,2014-10-17,11:30,2014-10,2014,10,wet,pre_DAO_2016_08,0.18,7.71,,44,13,,,5400000,,6.7324,13.21,0.213,2.433,,8,,ammonia_mg_l;nitrate_n_mg_l;phosphate_p_mg_l,,,YEAR_CORRECTED_TO_BLOCK,Meycauayan,216
541,Meycauayan River,MEY-1,1,Perez Bridge Brgy. Perez Meycauayan Bulacan,14.758217,120.989964,2014-11-13,10:31,2014-11,2014,11,wet,pre_DAO_2016_08,0.8,8.17,,33,17,,,24000000,,7.3802,29.438,0.617,5.321,,8,,,,phosphate_p_mg_l(high),,Meycauayan,218
542,Meycauayan River,MEY-2,2,Expressway Bridge Brgy. Langka Meycauayan Bulacan,14.739206,120.976297,2014-11-13,10:49,2014-11,2014,11,wet,pre_DAO_2016_08,0.05,7.64,,29,33,,,2400000,,6.3802,16.387,0.381,4.294,,8,,,,,,Meycauayan,219
543,Meycauayan River,MEY-3,3,Viente Reales Bridge Brgy. Viente Reales Valenzuela City MM,14.730028,120.965119,2014-11-13,11:12,2014-11,2014,11,wet,pre_DAO_2016_08,0,7.79,,46,35,,,4600000,,6.6628,16.406,0.574,4.508,,8,,,,,,Meycauayan,220
544,Meycauayan River,MEY-4,4,McArthur Highway Brgy. Banga Meycauayan Bulacan,14.73075,120.961339,2014-11-13,11:35,2014-11,2014,11,wet,pre_DAO_2016_08,0,7.91,,48,16,,,14000000,,7.1461,16.708,0.619,4.465,,8,,,,,,Meycauayan,221
545,Meycauayan River,MEY-5,5,Meymart Bridge Brgy. Zamora Meycauayan Bulacan,14.736142,120.95815,2014-11-13,11:54,2014-11,2014,11,wet,pre_DAO_2016_08,0,7.94,,47,15,,,4600000,,6.6628,15.464,0.4,4.396,,8,,,,,,Meycauayan,222
546,Meycauayan River,MEY-1,1,Perez Bridge Brgy. Perez Meycauayan Bulacan,14.758217,120.989964,2014-12-12,09:35,2014-12,2014,12,dry,pre_DAO_2016_08,1.16,7.71,,28,22,,,17000000,,7.2304,20.841,0.159,2.641,,8,,,,,,Meycauayan,224
547,Meycauayan River,MEY-2,2,Expressway Bridge Brgy. Langka Meycauayan Bulacan,14.739206,120.976297,2014-12-12,09:54,2014-12,2014,12,dry,pre_DAO_2016_08,0.1,7.62,,81,23,,,16000000,,7.2041,16.502,0.212,2.382,,8,,,,,,Meycauayan,225
548,Meycauayan River,MEY-3,3,Viente Reales Bridge Brgy. Viente Reales Valenzuela City MM,14.730028,120.965119,2014-12-12,10:19,2014-12,2014,12,dry,pre_DAO_2016_08,0,7.92,,80,26,,,9200000,,6.9638,16.319,0.309,2.635,,8,,,,,,Meycauayan,226
549,Meycauayan River,MEY-4,4,McArthur Highway Brgy. Banga Meycauayan Bulacan,14.73075,120.961339,2014-12-12,10:41,2014-12,2014,12,dry,pre_DAO_2016_08,0,7.98,,75,17,,,9200000,,6.9638,16.571,0.346,2.573,,8,,,,,,Meycauayan,227
550,Meycauayan River,MEY-5,5,Meymart Bridge Brgy. Zamora Meycauayan Bulacan,14.736142,120.95815,2014-12-12,10:56,2014-12,2014,12,dry,pre_DAO_2016_08,0,8.09,,76,27,,,3500000,,6.5441,14.613,0.175,2.604,,8,,,,,,Meycauayan,228
551,Meycauayan River,MEY-1,1,Perez Bridge Brgy. Perez Meycauayan Bulacan,14.758217,120.989964,2015-01-21,,2015-01,2015,1,dry,pre_DAO_2016_08,0,7.89,,54,20,,,5400000,,6.7324,13.405,0.184,1.834,,8,,ph;bod_mg_l;tss_mg_l;total_coliform_mpn_100ml;ammonia_mg_l;nitrate_n_mg_l;phosphate_p_mg_l,,,,Meycauayan,230
552,Meycauayan River,MEY-2,2,Expressway Bridge Brgy. Langka Meycauayan Bulacan,14.739206,120.976297,2015-01-21,10:55,2015-01,2015,1,dry,pre_DAO_2016_08,0,7.91,,105,22,,,9200000,,6.9638,15.583,0.024,2.262,,8,nitrate_n_mg_l(<0.048),,,,,Meycauayan,231
553,Meycauayan River,MEY-3,3,Viente Reales Bridge Brgy. Viente Reales Valenzuela City MM,14.730028,120.965119,2015-01-21,,2015-01,2015,1,dry,pre_DAO_2016_08,0,7.46,,62,25,,,3500000,,6.5441,13.339,0.095,2.32,,8,,ph;bod_mg_l;tss_mg_l;total_coliform_mpn_100ml;ammonia_mg_l;nitrate_n_mg_l;phosphate_p_mg_l,,,,Meycauayan,232
554,Meycauayan River,MEY-4,4,McArthur Highway Brgy. Banga Meycauayan Bulacan,14.73075,120.961339,2015-01-21,11:21,2015-01,2015,1,dry,pre_DAO_2016_08,0,8.29,,133,20,,,4600000,,6.6628,16.129,0.024,2.248,,8,nitrate_n_mg_l(<0.048),,,,,Meycauayan,233
555,Meycauayan River,MEY-5,5,Meymart Bridge Brgy. Zamora Meycauayan Bulacan,14.736142,120.95815,2015-01-21,11:43,2015-01,2015,1,dry,pre_DAO_2016_08,0,8.45,,117,15,,,24000000,,7.3802,16.536,0.024,2.306,,8,nitrate_n_mg_l(<0.048),,,,,Meycauayan,234
556,Meycauayan River,MEY-1,1,Perez Bridge Brgy. Perez Meycauayan Bulacan,14.758217,120.989964,2015-02-25,10:31,2015-02,2015,2,dry,pre_DAO_2016_08,0.25,7.89,,107,20,,,17000000,,7.2304,27.561,0.12,7.438,,8,,,,phosphate_p_mg_l(high),,Meycauayan,236
557,Meycauayan River,MEY-2,2,Expressway Bridge Brgy. Langka Meycauayan Bulacan,14.739206,120.976297,2015-02-25,10:53,2015-02,2015,2,dry,pre_DAO_2016_08,0.15,7.28,,71,26,,,9200000,,6.9638,16.171,0.126,5.32,,8,,,,phosphate_p_mg_l(high),,Meycauayan,237
558,Meycauayan River,MEY-3,3,Viente Reales Bridge Brgy. Viente Reales Valenzuela City MM,14.730028,120.965119,2015-02-25,11:20,2015-02,2015,2,dry,pre_DAO_2016_08,0.14,8.04,,85,22,,,3500000,,6.5441,16.157,0.136,5.281,,8,,,,phosphate_p_mg_l(high),,Meycauayan,238
559,Meycauayan River,MEY-4,4,McArthur Highway Brgy. Banga Meycauayan Bulacan,14.73075,120.961339,2015-02-25,11:37,2015-02,2015,2,dry,pre_DAO_2016_08,0.1,8.13,,95,20,,,1300000,,6.1139,20.753,0.144,5.295,,8,,,,phosphate_p_mg_l(high),,Meycauayan,239
560,Meycauayan River,MEY-5,5,Meymart Bridge Brgy. Zamora Meycauayan Bulacan,14.736142,120.95815,2015-02-25,11:50,2015-02,2015,2,dry,pre_DAO_2016_08,0.9,8.05,,100,27,,,1700000,,6.2304,19.157,0.19,5.342,,8,,,,phosphate_p_mg_l(high),,Meycauayan,240
561,Meycauayan River,MEY-1,1,Perez Bridge Brgy. Perez Meycauayan Bulacan,14.758217,120.989964,2015-03-25,11:10,2015-03,2015,3,dry,pre_DAO_2016_08,0.72,7.89,,54,20,,,35000000,,7.5441,13.405,0.184,1.834,,8,,ammonia_mg_l;nitrate_n_mg_l;phosphate_p_mg_l,,,,Meycauayan,242
562,Meycauayan River,MEY-2,2,Expressway Bridge Brgy. Langka Meycauayan Bulacan,14.739206,120.976297,2015-03-25,11:31,2015-03,2015,3,dry,pre_DAO_2016_08,0.32,7.56,,66,23,,,16000000,,7.2041,11.334,0.243,2.401,,8,,,,,,Meycauayan,243
563,Meycauayan River,MEY-3,3,Viente Reales Bridge Brgy. Viente Reales Valenzuela City MM,14.730028,120.965119,2015-03-25,11:52,2015-03,2015,3,dry,pre_DAO_2016_08,0.26,7.41,,64,24,,,3500000,,6.5441,13.339,0.328,2.437,,8,,,,,,Meycauayan,244
564,Meycauayan River,MEY-4,4,McArthur Highway Brgy. Banga Meycauayan Bulacan,14.73075,120.961339,2015-03-25,12:14,2015-03,2015,3,dry,pre_DAO_2016_08,0.21,8.11,,84,27,,,7000000,,6.8451,14.214,0.209,2.537,,8,,,,,,Meycauayan,245
565,Meycauayan River,MEY-5,5,Meymart Bridge Brgy. Zamora Meycauayan Bulacan,14.736142,120.95815,2015-03-25,12:29,2015-03,2015,3,dry,pre_DAO_2016_08,0.13,8.29,,45,23,,,16000000,,7.2041,15.053,0.31,2.506,,8,,,,,,Meycauayan,246
566,Meycauayan River,MEY-1,1,Perez Bridge Brgy. Perez Meycauayan Bulacan,14.758217,120.989964,2015-04-16,10:50,2015-04,2015,4,dry,pre_DAO_2016_08,0.5,7.97,,66,20,,,35000000,,7.5441,30.595,0.261,4.829,,8,,,,,,Meycauayan,248
567,Meycauayan River,MEY-2,2,Expressway Bridge Brgy. Langka Meycauayan Bulacan,14.739206,120.976297,2015-04-16,11:11,2015-04,2015,4,dry,pre_DAO_2016_08,0.04,7.34,,60,22,,,1600000,,6.2041,15.595,0.272,2.367,,8,,,,,,Meycauayan,249
568,Meycauayan River,MEY-3,3,Viente Reales Bridge Brgy. Viente Reales Valenzuela City MM,14.730028,120.965119,2015-04-16,11:35,2015-04,2015,4,dry,pre_DAO_2016_08,0.03,7.89,,62,25,,,920000,,5.9638,16.446,0.23,2.451,,8,,,,,,Meycauayan,250
569,Meycauayan River,MEY-4,4,McArthur Highway Brgy. Banga Meycauayan Bulacan,14.73075,120.961339,2015-04-16,11:56,2015-04,2015,4,dry,pre_DAO_2016_08,0.04,7.96,,62,27,,,1300000,,6.1139,15.989,0.255,2.475,,8,,,,,,Meycauayan,251
570,Meycauayan River,MEY-5,5,Meymart Bridge Brgy. Zamora Meycauayan Bulacan,14.736142,120.95815,2015-04-16,12:13,2015-04,2015,4,dry,pre_DAO_2016_08,0.03,7.98,,54,27,,,5400000,,6.7324,14.769,0.414,2.575,,8,,,,,,Meycauayan,252
571,Meycauayan River,MEY-1,1,Perez Bridge Brgy. Perez Meycauayan Bulacan,14.758217,120.989964,2015-05-21,10:21,2015-05,2015,5,dry,pre_DAO_2016_08,0.89,8.08,,57,30,,,35000000,,7.5441,12.458,0.624,1.895,,8,,,,,,Meycauayan,254
572,Meycauayan River,MEY-2,2,Expressway Bridge Brgy. Langka Meycauayan Bulacan,14.739206,120.976297,2015-05-21,10:48,2015-05,2015,5,dry,pre_DAO_2016_08,0.31,7.41,,48,28,,,920000,,5.9638,12.241,0.404,2.439,,8,,,,,,Meycauayan,255
573,Meycauayan River,MEY-3,3,Viente Reales Bridge Brgy. Viente Reales Valenzuela City MM,14.730028,120.965119,2015-05-21,11:08,2015-05,2015,5,dry,pre_DAO_2016_08,0.28,7.22,,41,33,,,1600000,,6.2041,14.262,0.403,2.32,,8,,,,,,Meycauayan,256
574,Meycauayan River,MEY-4,4,McArthur Highway Brgy. Banga Meycauayan Bulacan,14.73075,120.961339,2015-05-21,11:29,2015-05,2015,5,dry,pre_DAO_2016_08,0.25,7.46,,68,34,,,3500000,,6.5441,15.892,0.421,2.249,,8,,,,,,Meycauayan,257
575,Meycauayan River,MEY-5,5,Meymart Bridge Brgy. Zamora Meycauayan Bulacan,14.736142,120.95815,2015-05-21,11:50,2015-05,2015,5,dry,pre_DAO_2016_08,0.21,7.21,,45,31,,,1600000,,6.2041,13.207,0.34,2.454,,8,,,,,,Meycauayan,258
576,Meycauayan River,MEY-1,1,Perez Bridge Brgy. Perez Meycauayan Bulacan,14.758217,120.989964,2015-06-10,11:01,2015-06,2015,6,wet,pre_DAO_2016_08,1.5,7.21,,25,24,,,3500000,,6.5441,14.352,0.024,1.773,,8,nitrate_n_mg_l(<0.048),,,,,Meycauayan,260
577,Meycauayan River,MEY-2,2,Expressway Bridge Brgy. Langka Meycauayan Bulacan,14.739206,120.976297,2015-06-10,11:32,2015-06,2015,6,wet,pre_DAO_2016_08,0.22,7.1,,90,53,,,5400000,,6.7324,10.374,0.024,1.487,,8,nitrate_n_mg_l(<0.048),,,,,Meycauayan,261
578,Meycauayan River,MEY-3,3,Viente Reales Bridge Brgy. Viente Reales Valenzuela City MM,14.730028,120.965119,2015-06-10,11:43,2015-06,2015,6,wet,pre_DAO_2016_08,0.42,7.01,,106,67,,,9200000,,6.9638,11.503,0.024,1.524,,8,nitrate_n_mg_l(<0.048),,,tss_mg_l(high),,Meycauayan,262
579,Meycauayan River,MEY-4,4,McArthur Highway Brgy. Banga Meycauayan Bulacan,14.73075,120.961339,2015-06-10,12:10,2015-06,2015,6,wet,pre_DAO_2016_08,0.31,7.3,,67,57,,,16000000,,7.2041,11.93,0.024,1.582,,8,total_coliform_mpn_100ml(>16000000);nitrate_n_mg_l(<0.048),,,,,Meycauayan,263
580,Meycauayan River,MEY-5,5,Meymart Bridge Brgy. Zamora Meycauayan Bulacan,14.736142,120.95815,2015-06-10,12:31,2015-06,2015,6,wet,pre_DAO_2016_08,0.12,7.31,,70,63,,,5400000,,6.7324,11.63,0.024,1.723,,8,nitrate_n_mg_l(<0.048),,,tss_mg_l(high),,Meycauayan,264
581,Meycauayan River,MEY-1,1,Perez Bridge Brgy. Perez Meycauayan Bulacan,14.758217,120.989964,2015-07-15,10:01,2015-07,2015,7,wet,pre_DAO_2016_08,1.52,7.67,,22,19,,,92000,,4.9638,7.999,0.024,1.318,,8,nitrate_n_mg_l(<0.048),,,total_coliform_mpn_100ml(low),,Meycauayan,266
582,Meycauayan River,MEY-2,2,Expressway Bridge Brgy. Langka Meycauayan Bulacan,14.739206,120.976297,2015-07-15,10:21,2015-07,2015,7,wet,pre_DAO_2016_08,1.08,7.49,,32,21,,,2400,,3.3802,4.248,0.024,0.595,,8,nitrate_n_mg_l(<0.048),,,total_coliform_mpn_100ml(low),,Meycauayan,267
583,Meycauayan River,MEY-3,3,Viente Reales Bridge Brgy. Viente Reales Valenzuela City MM,14.730028,120.965119,2015-07-15,10:45,2015-07,2015,7,wet,pre_DAO_2016_08,0.61,7.46,,19,22,,,24000,,4.3802,4.957,0.024,0.467,,8,nitrate_n_mg_l(<0.048),,,total_coliform_mpn_100ml(low),,Meycauayan,268
584,Meycauayan River,MEY-4,4,McArthur Highway Brgy. Banga Meycauayan Bulacan,14.73075,120.961339,2015-07-15,11:08,2015-07,2015,7,wet,pre_DAO_2016_08,0.5,7.53,,19,25,,,24000,,4.3802,3.807,0.024,0.815,,8,nitrate_n_mg_l(<0.048),,,total_coliform_mpn_100ml(low),,Meycauayan,269
585,Meycauayan River,MEY-5,5,Meymart Bridge Brgy. Zamora Meycauayan Bulacan,14.736142,120.95815,2015-07-15,11:30,2015-07,2015,7,wet,pre_DAO_2016_08,0.73,7.45,,17,28,,,35000,,4.5441,3.869,0.024,0.349,,8,nitrate_n_mg_l(<0.048),,,total_coliform_mpn_100ml(low),,Meycauayan,270
586,Meycauayan River,MEY-1,1,Perez Bridge Brgy. Perez Meycauayan Bulacan,14.758217,120.989964,2015-08-06,11:09,2015-08,2015,8,wet,pre_DAO_2016_08,3.2,7.15,,20,20,,,5400000,,6.7324,10.928,0.193,1.132,,8,,,,do_mg_l(high),,Meycauayan,272
587,Meycauayan River,MEY-2,2,Expressway Bridge Brgy. Langka Meycauayan Bulacan,14.739206,120.976297,2015-08-06,11:30,2015-08,2015,8,wet,pre_DAO_2016_08,0.8,7.3,,43,23,,,16000000,,7.2041,8.679,0.024,1.111,,8,nitrate_n_mg_l(<0.048),,,,,Meycauayan,273
588,Meycauayan River,MEY-3,3,Viente Reales Bridge Brgy. Viente Reales Valenzuela City MM,14.730028,120.965119,2015-08-06,11:55,2015-08,2015,8,wet,pre_DAO_2016_08,0.54,7.25,,48,24,,,9200000,,6.9638,10.344,0.024,1.043,,8,nitrate_n_mg_l(<0.048),,,,,Meycauayan,274
589,Meycauayan River,MEY-4,4,McArthur Highway Brgy. Banga Meycauayan Bulacan,14.73075,120.961339,2015-08-06,12:19,2015-08,2015,8,wet,pre_DAO_2016_08,0.75,7.23,,83,27,,,2400000,,6.3802,8.361,0.024,0.963,,8,nitrate_n_mg_l(<0.048),,,,,Meycauayan,275
590,Meycauayan River,MEY-5,5,Meymart Bridge Brgy. Zamora Meycauayan Bulacan,14.736142,120.95815,2015-08-06,12:35,2015-08,2015,8,wet,pre_DAO_2016_08,0.73,7.5,,41,30,,,3500000,,6.5441,9.254,0.024,1.019,,8,nitrate_n_mg_l(<0.048),,,,,Meycauayan,276
591,Meycauayan River,MEY-1,1,Perez Bridge Brgy. Perez Meycauayan Bulacan,14.758217,120.989964,2015-09-10,10:15,2015-09,2015,9,wet,pre_DAO_2016_08,2.7,7.76,,17,24,,,3500000,,6.5441,5.438,0.366,0.568,,8,,,,,,Meycauayan,278
592,Meycauayan River,MEY-2,2,Expressway Bridge Brgy. Langka Meycauayan Bulacan,14.739206,120.976297,2015-09-10,10:36,2015-09,2015,9,wet,pre_DAO_2016_08,0.38,7.56,,38,22,,,16000000,,7.2041,3.011,0.024,0.522,,8,nitrate_n_mg_l(<0.048),,,,,Meycauayan,279
593,Meycauayan River,MEY-3,3,Viente Reales Bridge Brgy. Viente Reales Valenzuela City MM,14.730028,120.965119,2015-09-10,10:56,2015-09,2015,9,wet,pre_DAO_2016_08,0.2,7.55,,44,27,,,9200000,,6.9638,3.753,0.024,0.52,,8,nitrate_n_mg_l(<0.048),,,,,Meycauayan,280
594,Meycauayan River,MEY-4,4,McArthur Highway Brgy. Banga Meycauayan Bulacan,14.73075,120.961339,2015-09-10,11:16,2015-09,2015,9,wet,pre_DAO_2016_08,0.41,7.35,,47,30,,,5400000,,6.7324,2.702,0.135,0.52,,8,,,,,,Meycauayan,281
595,Meycauayan River,MEY-5,5,Meymart Bridge Brgy. Zamora Meycauayan Bulacan,14.736142,120.95815,2015-09-10,11:32,2015-09,2015,9,wet,pre_DAO_2016_08,0.23,7.34,,42,31,,,5400000,,6.7324,2.664,0.056,0.521,,8,,,,,,Meycauayan,282
596,Meycauayan River,MEY-1,1,Perez Bridge Brgy. Perez Meycauayan Bulacan,14.758217,120.989964,2015-10-21,12:30,2015-10,2015,10,wet,pre_DAO_2016_08,2.71,7.01,,2,3,,,1700000,,6.2304,6.744,0.212,0.967,,8,,,,,,Meycauayan,284
597,Meycauayan River,MEY-2,2,Expressway Bridge Brgy. Langka Meycauayan Bulacan,14.739206,120.976297,2015-10-21,12:50,2015-10,2015,10,wet,pre_DAO_2016_08,0.05,6.98,,21,13,,,16000000,,7.2041,3.938,0.132,0.621,,8,,,,,,Meycauayan,285
598,Meycauayan River,MEY-3,3,Viente Reales Bridge Brgy. Viente Reales Valenzuela City MM,14.730028,120.965119,2015-10-21,13:11,2015-10,2015,10,wet,pre_DAO_2016_08,0.6,6.96,,27,18,,,16000000,,7.2041,5.532,0.095,0.766,,8,,,,,,Meycauayan,286
599,Meycauayan River,MEY-4,4,McArthur Highway Brgy. Banga Meycauayan Bulacan,14.73075,120.961339,2015-10-21,13:30,2015-10,2015,10,wet,pre_DAO_2016_08,0.25,7.03,,37,18,,,110000000,,8.0414,5.89,0.097,0.699,,8,,,,,,Meycauayan,287
600,Meycauayan River,MEY-5,5,Meymart Bridge Brgy. Zamora Meycauayan Bulacan,14.736142,120.95815,2015-10-21,13:50,2015-10,2015,10,wet,pre_DAO_2016_08,0.21,7.14,,54,20,,,16000000,,7.2041,6.288,0.061,0.673,,8,,,,,,Meycauayan,288
601,Meycauayan River,MEY-1,1,Perez Bridge Brgy. Perez Meycauayan Bulacan,14.758217,120.989964,2015-11-12,09:55,2015-11,2015,11,wet,pre_DAO_2016_08,0.4,8.27,,112,18,,,9200000,,6.9638,25.248,0.175,3.79,,8,,,,,,Meycauayan,290
602,Meycauayan River,MEY-2,2,Expressway Bridge Brgy. Langka Meycauayan Bulacan,14.739206,120.976297,2015-11-12,10:19,2015-11,2015,11,wet,pre_DAO_2016_08,0.15,7.73,,87,29,,,5400000,,6.7324,15.442,0.441,2.023,,8,,,,,,Meycauayan,291
603,Meycauayan River,MEY-3,3,Viente Reales Bridge Brgy. Viente Reales Valenzuela City MM,14.730028,120.965119,2015-11-12,10:35,2015-11,2015,11,wet,pre_DAO_2016_08,0,7.73,,69,30,,,3500000,,6.5441,20.253,0.302,2.343,,8,,,,,,Meycauayan,292
604,Meycauayan River,MEY-4,4,McArthur Highway Brgy. Banga Meycauayan Bulacan,14.73075,120.961339,2015-11-12,10:58,2015-11,2015,11,wet,pre_DAO_2016_08,0,7.79,,77,25,,,5400000,,6.7324,16.83,0.403,2.261,,8,,,,,,Meycauayan,293
605,Meycauayan River,MEY-5,5,Meymart Bridge Brgy. Zamora Meycauayan Bulacan,14.736142,120.95815,2015-11-12,11:17,2015-11,2015,11,wet,pre_DAO_2016_08,0,8.03,,77,30,,,16000000,,7.2041,17.098,0.405,2.2,,8,,,,,,Meycauayan,294
606,Meycauayan River,MEY-1,1,Perez Bridge Brgy. Perez Meycauayan Bulacan,14.758217,120.989964,2015-12-09,10:47,2015-12,2015,12,dry,pre_DAO_2016_08,0.5,8.39,,93,35,,,2400000,,6.3802,34.209,0.024,4.705,,8,nitrate_n_mg_l(<0.048),,,ammonia_mg_l(high),,Meycauayan,296
607,Meycauayan River,MEY-2,2,Expressway Bridge Brgy. Langka Meycauayan Bulacan,14.739206,120.976297,2015-12-09,11:10,2015-12,2015,12,dry,pre_DAO_2016_08,0.1,7.7,,113,28,,,3500000,,6.5441,17.936,0.024,2.583,,8,nitrate_n_mg_l(<0.048),,,,,Meycauayan,297
608,Meycauayan River,MEY-3,3,Viente Reales Bridge Brgy. Viente Reales Valenzuela City MM,14.730028,120.965119,2015-12-09,11:38,2015-12,2015,12,dry,pre_DAO_2016_08,0.1,7.73,,128,31,,,5400000,,6.7324,17.584,0.024,2.342,,8,nitrate_n_mg_l(<0.048),,,,,Meycauayan,298
609,Meycauayan River,MEY-4,4,McArthur Highway Brgy. Banga Meycauayan Bulacan,14.73075,120.961339,2015-12-09,11:59,2015-12,2015,12,dry,pre_DAO_2016_08,0,7.77,,117,33,,,3500000,,6.5441,17.48,0.024,2.631,,8,nitrate_n_mg_l(<0.048),,,,,Meycauayan,299
610,Meycauayan River,MEY-5,5,Meymart Bridge Brgy. Zamora Meycauayan Bulacan,14.736142,120.95815,2015-12-09,12:18,2015-12,2015,12,dry,pre_DAO_2016_08,0,7.87,,133,33,,,1300000,,6.1139,20.009,0.024,2.342,,8,nitrate_n_mg_l(<0.048),,,,,Meycauayan,300
611,Meycauayan River,MEY-1,1,Perez Bridge Brgy. Perez Meycauayan Bulacan,14.758217,120.989964,2016-01-20,11:50,2016-01,2016,1,dry,pre_DAO_2016_08,1.12,8.65,,101,37,,,24000000,,7.3802,36.519,0.024,5.196,,8,nitrate_n_mg_l(<0.048),,,ammonia_mg_l(high);phosphate_p_mg_l(high),,Meycauayan,302
612,Meycauayan River,MEY-2,2,Expressway Bridge Brgy. Langka Meycauayan Bulacan,14.739206,120.976297,2016-01-20,12:09,2016-01,2016,1,dry,pre_DAO_2016_08,0.24,7.92,,157,45,,,3500000,,6.5441,21.778,0.024,2.099,,8,nitrate_n_mg_l(<0.048),,,,,Meycauayan,303
613,Meycauayan River,MEY-3,3,Viente Reales Bridge Brgy. Viente Reales Valenzuela City MM,14.730028,120.965119,2016-01-20,12:29,2016-01,2016,1,dry,pre_DAO_2016_08,0.21,7.93,,164,51,,,16000000,,7.2041,16.168,0.024,3.045,,8,nitrate_n_mg_l(<0.048),,,,,Meycauayan,304
614,Meycauayan River,MEY-4,4,McArthur Highway Brgy. Banga Meycauayan Bulacan,14.73075,120.961339,2016-01-20,12:53,2016-01,2016,1,dry,pre_DAO_2016_08,0.31,7.98,,172,52,,,630000,,5.7993,13.587,0.024,2.076,,8,nitrate_n_mg_l(<0.048),,,bod_mg_l(high),,Meycauayan,305
615,Meycauayan River,MEY-5,5,Meymart Bridge Brgy. Zamora Meycauayan Bulacan,14.736142,120.95815,2016-01-20,13:10,2016-01,2016,1,dry,pre_DAO_2016_08,0.18,7.91,,144,40,,,2400000,,6.3802,18.522,0.024,2.163,,8,nitrate_n_mg_l(<0.048),,,,,Meycauayan,306
616,Meycauayan River,MEY-1,1,Perez Bridge Brgy. Perez Meycauayan Bulacan,14.758217,120.989964,2016-02-17,10:31,2016-02,2016,2,dry,pre_DAO_2016_08,0.66,8.49,,89,8,,,17000000,,7.2304,29.434,0.318,5.26,,8,,,,phosphate_p_mg_l(high),,Meycauayan,308
617,Meycauayan River,MEY-2,2,Expressway Bridge Brgy. Langka Meycauayan Bulacan,14.739206,120.976297,2016-02-17,10:25,2016-02,2016,2,dry,pre_DAO_2016_08,0.15,8.07,,105,22,,,5400000,,6.7324,15.376,0.165,2.956,,8,,,,,,Meycauayan,309
618,Meycauayan River,MEY-3,3,Viente Reales Bridge Brgy. Viente Reales Valenzuela City MM,14.730028,120.965119,2016-02-17,11:20,2016-02,2016,2,dry,pre_DAO_2016_08,0.23,8.12,,72,30,,,11000000,,7.0414,14.864,0.17,2.67,,8,,,,,,Meycauayan,310
619,Meycauayan River,MEY-4,4,McArthur Highway Brgy. Banga Meycauayan Bulacan,14.73075,120.961339,2016-02-17,11:41,2016-02,2016,2,dry,pre_DAO_2016_08,0.17,7.98,,91,27,,,9200000,,6.9638,18.262,0.132,2.64,,8,,,,,,Meycauayan,311
620,Meycauayan River,MEY-5,5,Meymart Bridge Brgy. Zamora Meycauayan Bulacan,14.736142,120.95815,2016-02-17,12:02,2016-02,2016,2,dry,pre_DAO_2016_08,0.11,8.02,,80,26,,,16000000,,7.2041,15.622,0.566,3.214,,8,total_coliform_mpn_100ml(>16000000),,,,,Meycauayan,312
621,Meycauayan River,MEY-1,1,Perez Bridge Brgy. Perez Meycauayan Bulacan,14.758217,120.989964,2016-03-02,11:20,2016-03,2016,3,dry,pre_DAO_2016_08,2.5,6.9,,64,14,,,16000000,,7.2041,36.745,0.301,4.919,,8,total_coliform_mpn_100ml(>16000000),,,ammonia_mg_l(high);phosphate_p_mg_l(high),,Meycauayan,314
622,Meycauayan River,MEY-2,2,Expressway Bridge Brgy. Langka Meycauayan Bulacan,14.739206,120.976297,2016-03-02,11:48,2016-03,2016,3,dry,pre_DAO_2016_08,0.8,6.69,,107,16,,,1100000,,6.0414,19.755,0.135,2.233,,8,,,,,,Meycauayan,315
623,Meycauayan River,MEY-3,3,Viente Reales Bridge Brgy. Viente Reales Valenzuela City MM,14.730028,120.965119,2016-03-02,12:09,2016-03,2016,3,dry,pre_DAO_2016_08,0.91,7.01,,107,19,,,3500000,,6.5441,14.838,0.12,2.377,,8,,,,,,Meycauayan,316
624,Meycauayan River,MEY-4,4,McArthur Highway Brgy. Banga Meycauayan Bulacan,14.73075,120.961339,2016-03-02,12:31,2016-03,2016,3,dry,pre_DAO_2016_08,0.95,7.1,,113,16,,,9200000,,6.9638,19.199,0.382,2.44,,8,,,,,,Meycauayan,317
625,Meycauayan River,MEY-5,5,Meymart Bridge Brgy. Zamora Meycauayan Bulacan,14.736142,120.95815,2016-03-02,12:50,2016-03,2016,3,dry,pre_DAO_2016_08,0.84,7.1,,81,21,,,1700000,,6.2304,19.499,0.024,2.615,,8,nitrate_n_mg_l(<0.048),,,,,Meycauayan,318
626,Meycauayan River,MEY-1,1,Perez Bridge Brgy. Perez Meycauayan Bulacan,14.758217,120.989964,2016-04-21,11:01,2016-04,2016,4,dry,pre_DAO_2016_08,0.74,7.65,,138,11,,,16000000,,7.2041,36.747,0.024,4.625,,8,nitrate_n_mg_l(<0.048),,,ammonia_mg_l(high),,Meycauayan,320
627,Meycauayan River,MEY-2,2,Expressway Bridge Brgy. Langka Meycauayan Bulacan,14.739206,120.976297,2016-04-21,11:25,2016-04,2016,4,dry,pre_DAO_2016_08,0.7,7.48,,64,19,,,1700000,,6.2304,19.295,0.024,2.035,,8,nitrate_n_mg_l(<0.048),,,,,Meycauayan,321
628,Meycauayan River,MEY-3,3,Viente Reales Bridge Brgy. Viente Reales Valenzuela City MM,14.730028,120.965119,2016-04-21,01:46,2016-04,2016,4,dry,pre_DAO_2016_08,0.5,7.58,,94,22,,,1100000,,6.0414,17.783,0.024,2.187,,8,nitrate_n_mg_l(<0.048),,,,,Meycauayan,322
629,Meycauayan River,MEY-4,4,McArthur Highway Brgy. Banga Meycauayan Bulacan,14.73075,120.961339,2016-04-21,12:06,2016-04,2016,4,dry,pre_DAO_2016_08,0.5,7.19,,125,22,,,1700000,,6.2304,17.437,0.024,2.239,,8,nitrate_n_mg_l(<0.048),,,,,Meycauayan,323
630,Meycauayan River,MEY-5,5,Meymart Bridge Brgy. Zamora Meycauayan Bulacan,14.736142,120.95815,2016-04-21,12:29,2016-04,2016,4,dry,pre_DAO_2016_08,0.45,7.28,,123,28,,,1700000,,6.2304,18.533,0.024,2.009,,8,nitrate_n_mg_l(<0.048),,,,,Meycauayan,324
631,Meycauayan River,MEY-1,1,Perez Bridge Brgy. Perez Meycauayan Bulacan,14.758217,120.989964,2016-05-11,11:02,2016-05,2016,5,dry,pre_DAO_2016_08,0.8,6.97,,168,11,,,35000000,,7.5441,30.425,0.024,4.558,,8,nitrate_n_mg_l(<0.048),,,bod_mg_l(high),,Meycauayan,326
632,Meycauayan River,MEY-2,2,Expressway Bridge Brgy. Langka Meycauayan Bulacan,14.739206,120.976297,2016-05-11,11:23,2016-05,2016,5,dry,pre_DAO_2016_08,0.3,6.96,,97,16,,,1600000,,6.2041,15.19,0.395,2.265,,8,,,,,,Meycauayan,327
633,Meycauayan River,MEY-3,3,Viente Reales Bridge Brgy. Viente Reales Valenzuela City MM,14.730028,120.965119,2016-05-11,11:45,2016-05,2016,5,dry,pre_DAO_2016_08,0.3,6.85,,89,18,,,540000,,5.7324,16.251,0.366,2.451,,8,,,,,,Meycauayan,328
634,Meycauayan River,MEY-4,4,McArthur Highway Brgy. Banga Meycauayan Bulacan,14.73075,120.961339,2016-05-11,12:08,2016-05,2016,5,dry,pre_DAO_2016_08,0,7.05,,99,18,,,350000,,5.5441,12.893,0.33,2.202,,8,,,,,,Meycauayan,329
635,Meycauayan River,MEY-5,5,Meymart Bridge Brgy. Zamora Meycauayan Bulacan,14.736142,120.95815,2016-05-11,12:29,2016-05,2016,5,dry,pre_DAO_2016_08,0,6.98,,83,22,,,1100000,,6.0414,14.881,0.429,2.17,,8,,,,,,Meycauayan,330
636,Meycauayan River,MEY-1,1,Perez Bridge Brgy. Perez Meycauayan Bulacan,14.758217,120.989964,2016-06-08,11:25,2016-06,2016,6,wet,post_DAO_2016_08,2.95,8.11,,36,11,,,1100000,,6.0414,8.862,0.247,0.59,,8,,,,do_mg_l(high),,Meycauayan,332
637,Meycauayan River,MEY-2,2,Expressway Bridge Brgy. Langka Meycauayan Bulacan,14.739206,120.976297,2016-06-08,11:52,2016-06,2016,6,wet,post_DAO_2016_08,1.06,7.69,,38,17,,,5400000,,6.7324,6.603,0.024,1.354,,8,nitrate_n_mg_l(<0.048),,,,,Meycauayan,333
638,Meycauayan River,MEY-3,3,Viente Reales Bridge Brgy. Viente Reales Valenzuela City MM,14.730028,120.965119,2016-06-08,12:12,2016-06,2016,6,wet,post_DAO_2016_08,0.76,6.98,,67,19,,,1300000,,6.1139,9.791,0.1,1.038,,8,,,,,,Meycauayan,334
639,Meycauayan River,MEY-4,4,McArthur Highway Brgy. Banga Meycauayan Bulacan,14.73075,120.961339,2016-06-08,12:35,2016-06,2016,6,wet,post_DAO_2016_08,0.59,7.41,,79,18,,,490000,,5.6902,7.908,0.024,1.179,,8,nitrate_n_mg_l(<0.048),,,,,Meycauayan,335
640,Meycauayan River,MEY-5,5,Meymart Bridge Brgy. Zamora Meycauayan Bulacan,14.736142,120.95815,2016-06-08,12:54,2016-06,2016,6,wet,post_DAO_2016_08,0.65,7.15,,79,28,,,5400000,,6.7324,9.599,0.024,1.225,,8,nitrate_n_mg_l(<0.048),,,,,Meycauayan,336
641,Meycauayan River,MEY-1,1,Perez Bridge Brgy. Perez Meycauayan Bulacan,14.758217,120.989964,2016-07-14,10:00,2016-07,2016,7,wet,post_DAO_2016_08,3.52,7.95,,17,12,,,1300000,,6.1139,7.956,0.499,0.974,,8,,,,do_mg_l(high),,Meycauayan,338
642,Meycauayan River,MEY-2,2,Expressway Bridge Brgy. Langka Meycauayan Bulacan,14.739206,120.976297,2016-07-14,10:21,2016-07,2016,7,wet,post_DAO_2016_08,0.098,8.13,,102,20,,,17000000,,7.2304,9.079,0.197,1.471,,8,,,,,,Meycauayan,339
643,Meycauayan River,MEY-3,3,Viente Reales Bridge Brgy. Viente Reales Valenzuela City MM,14.730028,120.965119,2016-07-14,10:42,2016-07,2016,7,wet,post_DAO_2016_08,0.8,8.16,,81,21,,,35000000,,7.5441,9.973,0.23,1.486,,8,,,,,,Meycauayan,340
644,Meycauayan River,MEY-4,4,McArthur Highway Brgy. Banga Meycauayan Bulacan,14.73075,120.961339,2016-07-14,11:05,2016-07,2016,7,wet,post_DAO_2016_08,0.9,7.97,,82,34,,,54000000,,7.7324,8.668,0.144,1.328,,8,,,,,,Meycauayan,341
645,Meycauayan River,MEY-5,5,Meymart Bridge Brgy. Zamora Meycauayan Bulacan,14.736142,120.95815,2016-07-14,11:26,2016-07,2016,7,wet,post_DAO_2016_08,0.76,7.87,,89,39,,,17000000,,7.2304,9.086,0.229,1.41,,8,,,,,,Meycauayan,342
646,Meycauayan River,MEY-1,1,Perez Bridge Brgy. Perez Meycauayan Bulacan,14.758217,120.989964,2016-08-11,10:45,2016-08,2016,8,wet,post_DAO_2016_08,3.5,7.74,,20,13,,330000,,5.5185,,0,0.024,1.161,45,9,nitrate_n_mg_l(<0.048),,,do_mg_l(high),,Meycauayan,344
647,Meycauayan River,MEY-2,2,Expressway Bridge Brgy. Langka Meycauayan Bulacan,14.739206,120.976297,2016-08-11,11:16,2016-08,2016,8,wet,post_DAO_2016_08,1,7.2,,79,17,,2800000,,6.4472,,0,0.261,0.915,84,9,,,,,,Meycauayan,345
648,Meycauayan River,MEY-3,3,Viente Reales Bridge Brgy. Viente Reales Valenzuela City MM,14.730028,120.965119,2016-08-11,11:36,2016-08,2016,8,wet,post_DAO_2016_08,0.6,7.22,,147,27,,9200000,,6.9638,,0,0.299,0.728,74,9,,,,,,Meycauayan,346
649,Meycauayan River,MEY-4,4,McArthur Highway Brgy. Banga Meycauayan Bulacan,14.73075,120.961339,2016-08-11,11:58,2016-08,2016,8,wet,post_DAO_2016_08,0.5,7.2,,102,33,,9200000,,6.9638,,0,0.024,0.848,69,9,nitrate_n_mg_l(<0.048),,,,,Meycauayan,347
650,Meycauayan River,MEY-5,5,Meymart Bridge Brgy. Zamora Meycauayan Bulacan,14.736142,120.95815,2016-08-11,12:18,2016-08,2016,8,wet,post_DAO_2016_08,0.5,7.21,,66,33,,2800000,,6.4472,,0,0.024,0.696,74,9,nitrate_n_mg_l(<0.048),tss_mg_l,,,,Meycauayan,348
651,Meycauayan River,MEY-1,1,Perez Bridge Brgy. Perez Meycauayan Bulacan,14.758217,120.989964,2016-09-14,10:12,2016-09,2016,9,wet,post_DAO_2016_08,1.9,7.05,,40,16,,1700000,,6.2304,,0,0.024,1.664,35,9,nitrate_n_mg_l(<0.048),,,,,Meycauayan,350
652,Meycauayan River,MEY-2,2,Expressway Bridge Brgy. Langka Meycauayan Bulacan,14.739206,120.976297,2016-09-14,10:32,2016-09,2016,9,wet,post_DAO_2016_08,0.9,6.95,,75,36,,920000,,5.9638,,0,0.194,1.642,99,9,,,,,,Meycauayan,351
653,Meycauayan River,MEY-3,3,Viente Reales Bridge Brgy. Viente Reales Valenzuela City MM,14.730028,120.965119,2016-09-14,10:57,2016-09,2016,9,wet,post_DAO_2016_08,0.8,6.98,,75,32,,1100000,,6.0414,,0,0.024,1.144,94,9,nitrate_n_mg_l(<0.048),,,,,Meycauayan,352
654,Meycauayan River,MEY-4,4,McArthur Highway Brgy. Banga Meycauayan Bulacan,14.73075,120.961339,2016-09-14,11:18,2016-09,2016,9,wet,post_DAO_2016_08,1,7.01,,76,31,,540000,,5.7324,,0,0.186,1.572,89,9,,,,,,Meycauayan,353
655,Meycauayan River,MEY-5,5,Meymart Bridge Brgy. Zamora Meycauayan Bulacan,14.736142,120.95815,2016-09-14,11:35,2016-09,2016,9,wet,post_DAO_2016_08,0.8,6.98,,65,33,,3500000,,6.5441,,0,0.024,1.355,99,9,nitrate_n_mg_l(<0.048),,,,,Meycauayan,354
656,Meycauayan River,MEY-1,1,Perez Bridge Brgy. Perez Meycauayan Bulacan,14.758217,120.989964,2016-10-24,12:30,2016-10,2016,10,wet,post_DAO_2016_08,3.3,7.95,,23,25,,35000000,,7.5441,,,0.206,0.13,30,8,,,,do_mg_l(high),,Meycauayan,356
657,Meycauayan River,MEY-2,2,Expressway Bridge Brgy. Langka Meycauayan Bulacan,14.739206,120.976297,2016-10-24,12:50,2016-10,2016,10,wet,post_DAO_2016_08,0.9,7.89,,90,36,,920000000,,8.9638,,,0.097,0.112,79,8,,,,fecal_coliform_mpn_100ml(high),,Meycauayan,357
658,Meycauayan River,MEY-3,3,Viente Reales Bridge Brgy. Viente Reales Valenzuela City MM,14.730028,120.965119,2016-10-24,13:18,2016-10,2016,10,wet,post_DAO_2016_08,0.5,7.92,,74,33,,160000000,,8.2041,,,0.067,0.113,129,8,fecal_coliform_mpn_100ml(>160000000),,,,,Meycauayan,358
659,Meycauayan River,MEY-4,4,McArthur Highway Brgy. Banga Meycauayan Bulacan,14.73075,120.961339,2016-10-24,13:35,2016-10,2016,10,wet,post_DAO_2016_08,0.5,7.89,,107,37,,35000000,,7.5441,,,0.058,0.085,129,8,,,,,,Meycauayan,359
660,Meycauayan River,MEY-5,5,Meymart Bridge Brgy. Zamora Meycauayan Bulacan,14.736142,120.95815,2016-10-24,13:59,2016-10,2016,10,wet,post_DAO_2016_08,0.5,7.88,,87,38,,54000000,,7.7324,,,0.49,0.105,69,8,,,,,,Meycauayan,360
661,Meycauayan River,MEY-1,1,Perez Bridge Brgy. Perez Meycauayan Bulacan,14.758217,120.989964,2016-11-10,10:38,2016-11,2016,11,wet,post_DAO_2016_08,1.3,7.98,,46,23,,9200000,,6.9638,,,0.074,2.774,99,8,,,,,,Meycauayan,362
662,Meycauayan River,MEY-2,2,Expressway Bridge Brgy. Langka Meycauayan Bulacan,14.739206,120.976297,2016-11-10,11:00,2016-11,2016,11,wet,post_DAO_2016_08,1.5,8.01,,70,32,,2400000,,6.3802,,,0.024,1.278,854,8,nitrate_n_mg_l(<0.048),,,,,Meycauayan,363
663,Meycauayan River,MEY-3,3,Viente Reales Bridge Brgy. Viente Reales Valenzuela City MM,14.730028,120.965119,2016-11-10,11:21,2016-11,2016,11,wet,post_DAO_2016_08,0.9,7.99,,85,19,,54000,,4.7324,,,0.024,1.404,993,8,nitrate_n_mg_l(<0.048),,,fecal_coliform_mpn_100ml(low),,Meycauayan,364
664,Meycauayan River,MEY-4,4,McArthur Highway Brgy. Banga Meycauayan Bulacan,14.73075,120.961339,2016-11-10,11:41,2016-11,2016,11,wet,post_DAO_2016_08,0.5,7.97,,81,32,,16000000,,7.2041,,,0.024,1.02,993,8,nitrate_n_mg_l(<0.048),,,,,Meycauayan,365
665,Meycauayan River,MEY-5,5,Meymart Bridge Brgy. Zamora Meycauayan Bulacan,14.736142,120.95815,2016-11-10,11:59,2016-11,2016,11,wet,post_DAO_2016_08,0.6,7.89,,72,27,,46000,,4.6628,,,0.024,1.437,1092,8,nitrate_n_mg_l(<0.048),,,fecal_coliform_mpn_100ml(low),,Meycauayan,366
666,Meycauayan River,MEY-1,1,Perez Bridge Brgy. Perez Meycauayan Bulacan,14.758217,120.989964,2017-01-11,11:10,2017-01,2017,1,dry,post_DAO_2016_08,2.8,7.1,26.2,39,23,40,170000,,5.2304,,,0.024,2.757,83,10,nitrate_n_mg_l(<0.048),,,,,Meycauayan,375
667,Meycauayan River,MEY-2,2,Expressway Bridge Brgy. Langka Meycauayan Bulacan,14.739206,120.976297,2017-01-11,11:30,2017-01,2017,1,dry,post_DAO_2016_08,1,6.9,26.8,139,17,25,24000000,,7.3802,,,0.421,1.444,787,10,,,,,,Meycauayan,376
668,Meycauayan River,MEY-3,3,Viente Reales Bridge Brgy. Viente Reales Valenzuela City MM,14.730028,120.965119,2017-01-11,11:51,2017-01,2017,1,dry,post_DAO_2016_08,0.9,7.01,27.2,120,17,30,13000000,,7.1139,,,0.608,1.391,826,10,,,,,,Meycauayan,377
669,Meycauayan River,MEY-4,4,McArthur Highway Brgy. Banga Meycauayan Bulacan,14.73075,120.961339,2017-01-11,12:16,2017-01,2017,1,dry,post_DAO_2016_08,0.9,6.95,26.9,117,17,40,9200000,,6.9638,,,0.197,1.231,777,10,,,,,,Meycauayan,378
670,Meycauayan River,MEY-5,5,Meymart Bridge Brgy. Zamora Meycauayan Bulacan,14.736142,120.95815,2017-01-11,12:37,2017-01,2017,1,dry,post_DAO_2016_08,0.8,7.02,27.3,116,17,30,24000000,,7.3802,,,0.264,1.16,826,10,,,,,,Meycauayan,379
671,Meycauayan River,MEY-1,1,Perez Bridge Brgy. Perez Meycauayan Bulacan,14.758217,120.989964,2017-02-16,11:04,2017-02,2017,2,dry,post_DAO_2016_08,4.48,7.15,26.1,73,21,80,6300000,,6.7993,,,0.305,5.051,146,10,,,,do_mg_l(high);phosphate_p_mg_l(high),,Meycauayan,381
672,Meycauayan River,MEY-2,2,Expressway Bridge Brgy. Langka Meycauayan Bulacan,14.739206,120.976297,2017-02-16,11:14,2017-02,2017,2,dry,post_DAO_2016_08,0.65,7.19,29.6,150,110,150,16000000,,7.2041,,,0.024,1.6,175,10,nitrate_n_mg_l(<0.048),,,tss_mg_l(high),,Meycauayan,382
673,Meycauayan River,MEY-3,3,Viente Reales Bridge Brgy. Viente Reales Valenzuela City MM,14.730028,120.965119,2017-02-16,12:05,2017-02,2017,2,dry,post_DAO_2016_08,0.76,7.2,27,116,42,40,16000000,,7.2041,,,0.024,1.264,68,10,nitrate_n_mg_l(<0.048),,,,,Meycauayan,383
674,Meycauayan River,MEY-4,4,McArthur Highway Brgy. Banga Meycauayan Bulacan,14.73075,120.961339,2017-02-16,12:26,2017-02,2017,2,dry,post_DAO_2016_08,0.6,7.31,28.7,120,61,60,9200000,,6.9638,,,0.024,1.433,1098,10,nitrate_n_mg_l(<0.048),,,tss_mg_l(high),,Meycauayan,384
675,Meycauayan River,MEY-5,5,Meymart Bridge Brgy. Zamora Meycauayan Bulacan,14.736142,120.95815,2017-02-16,12:50,2017-02,2017,2,dry,post_DAO_2016_08,0.68,7.42,29.5,125,39,80,4600000,,6.6628,,,0.024,1.502,2283,10,nitrate_n_mg_l(<0.048),,,,,Meycauayan,385
676,Meycauayan River,MEY-1,1,Perez Bridge Brgy. Perez Meycauayan Bulacan,14.758217,120.989964,2017-03-08,09:53,2017-03,2017,3,dry,post_DAO_2016_08,0.89,7.81,27.7,81,21,75,17000000,,7.2304,,,0.185,4.606,119,10,,,,,,Meycauayan,387
677,Meycauayan River,MEY-2,2,Expressway Bridge Brgy. Langka Meycauayan Bulacan,14.739206,120.976297,2017-03-08,10:21,2017-03,2017,3,dry,post_DAO_2016_08,0.98,7.43,31.03,96,50,200,11000000,,7.0414,,,0.207,2.185,1390,10,,,,color_tcu(high),,Meycauayan,388
678,Meycauayan River,MEY-3,3,Viente Reales Bridge Brgy. Viente Reales Valenzuela City MM,14.730028,120.965119,2017-03-08,10:43,2017-03,2017,3,dry,post_DAO_2016_08,0.85,7.42,31.1,84,25,150,11000000,,7.0414,,,0.166,2.133,1290,10,,,,,,Meycauayan,389
679,Meycauayan River,MEY-4,4,McArthur Highway Brgy. Banga Meycauayan Bulacan,14.73075,120.961339,2017-03-08,11:05,2017-03,2017,3,dry,post_DAO_2016_08,0.6,7.42,31.2,122,76,250,17000000,,7.2304,,,0.082,2.383,1171,10,,,,tss_mg_l(high);color_tcu(high),,Meycauayan,390
680,Meycauayan River,MEY-5,5,Meymart Bridge Brgy. Zamora Meycauayan Bulacan,14.736142,120.95815,2017-03-08,11:25,2017-03,2017,3,dry,post_DAO_2016_08,0.51,7.37,29.8,70,22,125,9200000,,6.9638,,,0.024,0.89,2432,10,nitrate_n_mg_l(<0.048),,,,,Meycauayan,391
681,Meycauayan River,MEY-1,1,Perez Bridge Brgy. Perez Meycauayan Bulacan,14.758217,120.989964,2017-04-05,11:12,2017-04,2017,4,dry,post_DAO_2016_08,1.3,7.36,27.6,65,16,60,22000000,,7.3424,,,0.313,3.905,79,10,,,,,,Meycauayan,393
682,Meycauayan River,MEY-2,2,Expressway Bridge Brgy. Langka Meycauayan Bulacan,14.739206,120.976297,2017-04-05,11:33,2017-04,2017,4,dry,post_DAO_2016_08,0.5,7.05,28.5,62,29,75,5400000,,6.7324,,,0.239,1.541,2233,10,,,,,,Meycauayan,394
683,Meycauayan River,MEY-3,3,Viente Reales Bridge Brgy. Viente Reales Valenzuela City MM,14.730028,120.965119,2017-04-05,11:53,2017-04,2017,4,dry,post_DAO_2016_08,0.75,7.15,28.9,64,25,75,3500000,,6.5441,,,0.294,1.69,2134,10,,,,,,Meycauayan,395
684,Meycauayan River,MEY-4,4,McArthur Highway Brgy. Banga Meycauayan Bulacan,14.73075,120.961339,2017-04-05,12:15,2017-04,2017,4,dry,post_DAO_2016_08,0.8,7.11,30.1,64,27,100,350000,,5.5441,,,0.201,1.669,2680,10,,,,,,Meycauayan,396
685,Meycauayan River,MEY-5,5,Meymart Bridge Brgy. Zamora Meycauayan Bulacan,14.736142,120.95815,2017-04-05,12:34,2017-04,2017,4,dry,post_DAO_2016_08,0.25,7.01,29.7,73,26,125,9200000,,6.9638,,,0.354,1.688,1985,10,,,,,,Meycauayan,397
686,Meycauayan River,MEY-1,1,Perez Bridge Brgy. Perez Meycauayan Bulacan,14.758217,120.989964,2017-05-04,11:01,2017-05,2017,5,dry,post_DAO_2016_08,1.5,7.72,31.2,45,27,50,700000,,5.8451,,,0.024,,89,9,nitrate_n_mg_l(<0.048),,phosphate_p_mg_l(out_of_range:3103),,,Meycauayan,399
687,Meycauayan River,MEY-2,2,Expressway Bridge Brgy. Langka Meycauayan Bulacan,14.739206,120.976297,2017-05-04,11:22,2017-05,2017,5,dry,post_DAO_2016_08,0.7,7.11,33.38,24,26,80,2400000,,6.3802,,,0.024,,1141,9,nitrate_n_mg_l(<0.048),,phosphate_p_mg_l(out_of_range:1578),,,Meycauayan,400
688,Meycauayan River,MEY-3,3,Viente Reales Bridge Brgy. Viente Reales Valenzuela City MM,14.730028,120.965119,2017-05-04,11:43,2017-05,2017,5,dry,post_DAO_2016_08,0.8,7.18,33.4,36,37,60,9200000,,6.9638,,,0.024,,1191,9,nitrate_n_mg_l(<0.048),,phosphate_p_mg_l(out_of_range:1598),,,Meycauayan,401
689,Meycauayan River,MEY-4,4,McArthur Highway Brgy. Banga Meycauayan Bulacan,14.73075,120.961339,2017-05-04,12:05,2017-05,2017,5,dry,post_DAO_2016_08,0.7,7.15,32.9,28,36,100,7000000,,6.8451,,,0.024,,1042,9,nitrate_n_mg_l(<0.048),,phosphate_p_mg_l(out_of_range:1585),,,Meycauayan,402
690,Meycauayan River,MEY-5,5,Meymart Bridge Brgy. Zamora Meycauayan Bulacan,14.736142,120.95815,2017-05-04,12:24,2017-05,2017,5,dry,post_DAO_2016_08,0.26,7.13,32.58,36,76,80,3500000,,6.5441,,,0.024,,1141,9,nitrate_n_mg_l(<0.048),,phosphate_p_mg_l(out_of_range:1863),tss_mg_l(high),,Meycauayan,403
691,Meycauayan River,MEY-1,1,Perez Bridge Brgy. Perez Meycauayan Bulacan,14.758217,120.989964,2017-06-02,10:34,2017-06,2017,6,wet,post_DAO_2016_08,0.78,7.75,30.4,43,13,80,4600000,,6.6628,,,0.095,3.758,137,10,,,,,,Meycauayan,405
692,Meycauayan River,MEY-2,2,Expressway Bridge Brgy. Langka Meycauayan Bulacan,14.739206,120.976297,2017-06-02,10:53,2017-06,2017,6,wet,post_DAO_2016_08,0.38,7.15,33.3,31,24,150,3500000,,6.5441,,,0.756,1.285,1269,10,,,,nitrate_n_mg_l(high),,Meycauayan,406
693,Meycauayan River,MEY-3,3,Viente Reales Bridge Brgy. Viente Reales Valenzuela City MM,14.730028,120.965119,2017-06-02,11:13,2017-06,2017,6,wet,post_DAO_2016_08,0.15,7.09,32.9,37,16,100,54000000,,7.7324,,,0.652,1.21,1367,10,,,,,,Meycauayan,407
694,Meycauayan River,MEY-4,4,McArthur Highway Brgy. Banga Meycauayan Bulacan,14.73075,120.961339,2017-06-02,11:34,2017-06,2017,6,wet,post_DAO_2016_08,0.15,7.11,33.8,63,28,125,1700000,,6.2304,,,0.637,1.315,1416,10,,,,,,Meycauayan,408
695,Meycauayan River,MEY-5,5,Meymart Bridge Brgy. Zamora Meycauayan Bulacan,14.736142,120.95815,2017-06-02,11:53,2017-06,2017,6,wet,post_DAO_2016_08,0.1,7.08,32.98,95,22,150,5400000,,6.7324,,,1.482,1.387,1318,10,,,,nitrate_n_mg_l(high),,Meycauayan,409
696,Meycauayan River,MEY-1,1,Perez Bridge Brgy. Perez Meycauayan Bulacan,14.758217,120.989964,2017-07-19,10:20,2017-07,2017,7,wet,post_DAO_2016_08,1.2,7.44,27.6,93,30,80,2400000,,6.3802,,,0.188,1.884,68,10,,,,,,Meycauayan,411
697,Meycauayan River,MEY-2,2,Expressway Bridge Brgy. Langka Meycauayan Bulacan,14.739206,120.976297,2017-07-19,10:40,2017-07,2017,7,wet,post_DAO_2016_08,0.42,7.28,29.1,70,39,150,5400000,,6.7324,,,0.086,1.613,244,10,,,,,,Meycauayan,412
698,Meycauayan River,MEY-3,3,Viente Reales Bridge Brgy. Viente Reales Valenzuela City MM,14.730028,120.965119,2017-07-19,11:01,2017-07,2017,7,wet,post_DAO_2016_08,0.06,7.31,29.35,71,30,150,9200000,,6.9638,,,0.024,1.641,127,10,nitrate_n_mg_l(<0.048),,,,,Meycauayan,413
699,Meycauayan River,MEY-4,4,McArthur Highway Brgy. Banga Meycauayan Bulacan,14.73075,120.961339,2017-07-19,11:23,2017-07,2017,7,wet,post_DAO_2016_08,0.1,7.3,29.2,100,28,150,5400000,,6.7324,,,0.024,1.648,137,10,nitrate_n_mg_l(<0.048),,,,,Meycauayan,414
700,Meycauayan River,MEY-5,5,Meymart Bridge Brgy. Zamora Meycauayan Bulacan,14.736142,120.95815,2017-07-19,11:42,2017-07,2017,7,wet,post_DAO_2016_08,0.12,7.26,29.1,77,24,150,5400000,,6.7324,,,0.024,1.536,146,10,nitrate_n_mg_l(<0.048),,,,,Meycauayan,415
701,Meycauayan River,MEY-1,1,Perez Bridge Brgy. Perez Meycauayan Bulacan,14.758217,120.989964,2017-08-09,10:17,2017-08,2017,8,wet,post_DAO_2016_08,0.38,7.73,30.3,23,22,40,5400000,,6.7324,,,0.024,2.266,73,10,nitrate_n_mg_l(<0.048),,,,,Meycauayan,417
702,Meycauayan River,MEY-2,2,Expressway Bridge Brgy. Langka Meycauayan Bulacan,14.739206,120.976297,2017-08-09,10:52,2017-08,2017,8,wet,post_DAO_2016_08,0.49,7.15,34.05,91,35,100,2400000,,6.3802,,,0.024,1.351,83,10,nitrate_n_mg_l(<0.048),,,,,Meycauayan,418
703,Meycauayan River,MEY-3,3,Viente Reales Bridge Brgy. Viente Reales Valenzuela City MM,14.730028,120.965119,2017-08-09,11:20,2017-08,2017,8,wet,post_DAO_2016_08,0.34,7,31.9,89,29,40,16000000,,7.2041,,,0.024,1.149,29,10,nitrate_n_mg_l(<0.048),,,,,Meycauayan,419
704,Meycauayan River,MEY-4,4,McArthur Highway Brgy. Banga Meycauayan Bulacan,14.73075,120.961339,2017-08-09,11:44,2017-08,2017,8,wet,post_DAO_2016_08,0.35,7.01,31.6,46,13,100,790000,,5.8976,,,0.024,1.469,342,10,nitrate_n_mg_l(<0.048),,,,,Meycauayan,420
705,Meycauayan River,MEY-5,5,Meymart Bridge Brgy. Zamora Meycauayan Bulacan,14.736142,120.95815,2017-08-09,12:06,2017-08,2017,8,wet,post_DAO_2016_08,0.5,7.06,31.9,44,18,100,790000,,5.8976,,,0.024,1.274,854,10,nitrate_n_mg_l(<0.048),,,,,Meycauayan,421
706,Meycauayan River,MEY-1,1,Perez Bridge Brgy. Perez Meycauayan Bulacan,14.758217,120.989964,2017-09-14,10:07,2017-09,2017,9,wet,post_DAO_2016_08,3.18,6.95,28.8,8,21,40,240000,,5.3802,,,0.587,0.698,30,10,,,,do_mg_l(high),,Meycauayan,423
707,Meycauayan River,MEY-2,2,Expressway Bridge Brgy. Langka Meycauayan Bulacan,14.739206,120.976297,2017-09-14,10:31,2017-09,2017,9,wet,post_DAO_2016_08,0.8,6.69,28.9,30,20,20,1300000,,6.1139,,,0.024,0.648,32,10,nitrate_n_mg_l(<0.048),,,,,Meycauayan,424
708,Meycauayan River,MEY-3,3,Viente Reales Bridge Brgy. Viente Reales Valenzuela City MM,14.730028,120.965119,2017-09-14,10:50,2017-09,2017,9,wet,post_DAO_2016_08,1.02,6.78,28.8,22,28,20,2100000,,6.3222,,,0.075,0.804,57,10,,,,,,Meycauayan,425
709,Meycauayan River,MEY-4,4,McArthur Highway Brgy. Banga Meycauayan Bulacan,14.73075,120.961339,2017-09-14,11:14,2017-09,2017,9,wet,post_DAO_2016_08,0.6,6.96,28.75,20,18,80,17000000,,7.2304,,,0.024,0.67,35,10,nitrate_n_mg_l(<0.048),,,,,Meycauayan,426
710,Meycauayan River,MEY-5,5,Meymart Bridge Brgy. Zamora Meycauayan Bulacan,14.736142,120.95815,2017-09-14,11:33,2017-09,2017,9,wet,post_DAO_2016_08,0.5,6.79,28.8,22,27,100,35000000,,7.5441,,,0.024,0.692,32,10,nitrate_n_mg_l(<0.048),,,,,Meycauayan,427
711,Meycauayan River,MEY-1,1,Perez Bridge Brgy. Perez Meycauayan Bulacan,14.758217,120.989964,2017-10-12,11:05,2017-10,2017,10,wet,post_DAO_2016_08,3.95,6.98,28.63,11,35,40,3500000,,6.5441,,,0.505,0.76,36,10,,,,do_mg_l(high),,Meycauayan,429
712,Meycauayan River,MEY-2,2,Expressway Bridge Brgy. Langka Meycauayan Bulacan,14.739206,120.976297,2017-10-12,11:25,2017-10,2017,10,wet,post_DAO_2016_08,0.8,7.03,28.9,36,9,80,9200000,,6.9638,,,0.277,0.911,57,10,,,,,,Meycauayan,430
713,Meycauayan River,MEY-3,3,Viente Reales Bridge Brgy. Viente Reales Valenzuela City MM,14.730028,120.965119,2017-10-12,11:44,2017-10,2017,10,wet,post_DAO_2016_08,0.61,7.08,29.1,42,8,80,24000000,,7.3802,,,0.189,0.698,59,10,,,,,,Meycauayan,431
714,Meycauayan River,MEY-4,4,McArthur Highway Brgy. Banga Meycauayan Bulacan,14.73075,120.961339,2017-10-12,12:05,2017-10,2017,10,wet,post_DAO_2016_08,0.6,7.1,29.2,38,21,80,2200000,,6.3424,,,0.096,0.975,76,10,,,,,,Meycauayan,432
715,Meycauayan River,MEY-5,5,Meymart Bridge Brgy. Zamora Meycauayan Bulacan,14.736142,120.95815,2017-10-12,12:24,2017-10,2017,10,wet,post_DAO_2016_08,0.59,7.1,29.2,65,18,80,9200000,,6.9638,,,0.144,0.953,65,10,,,,,,Meycauayan,433
716,Meycauayan River,MEY-1,1,Perez Bridge Brgy. Perez Meycauayan Bulacan,14.758217,120.989964,2017-11-27,11:25,2017-11,2017,11,wet,post_DAO_2016_08,1.05,7.42,28.4,68,24,100,24000000,,7.3802,,,0.44,3.62,1754,10,,,,,,Meycauayan,435
717,Meycauayan River,MEY-2,2,Expressway Bridge Brgy. Langka Meycauayan Bulacan,14.739206,120.976297,2017-11-27,11:44,2017-11,2017,11,wet,post_DAO_2016_08,0.5,7.12,30.55,44,12,200,2600000,,6.415,,,0.061,1.917,794,10,,,,color_tcu(high),,Meycauayan,436
718,Meycauayan River,MEY-3,3,Viente Reales Bridge Brgy. Viente Reales Valenzuela City MM,14.730028,120.965119,2017-11-27,12:04,2017-11,2017,11,wet,post_DAO_2016_08,0.1,7.2,30.7,52,18,200,17000000,,7.2304,,,0.117,1.881,872,10,,,,color_tcu(high),,Meycauayan,437
719,Meycauayan River,MEY-4,4,McArthur Highway Brgy. Banga Meycauayan Bulacan,14.73075,120.961339,2017-11-27,12:24,2017-11,2017,11,wet,post_DAO_2016_08,0.27,7.24,30.8,46,10,200,5400000,,6.7324,,,0.168,1.827,794,10,,,,color_tcu(high),,Meycauayan,438
720,Meycauayan River,MEY-5,5,Meymart Bridge Brgy. Zamora Meycauayan Bulacan,14.736142,120.95815,2017-11-27,12:43,2017-11,2017,11,wet,post_DAO_2016_08,0.25,7.18,30.8,61,10,200,7000000,,6.8451,,,0.145,1.755,951,10,,,,color_tcu(high),,Meycauayan,439
721,Meycauayan River,MEY-1,1,Perez Bridge Brgy. Perez Meycauayan Bulacan,14.758217,120.989964,2018-01-25,11:41,2018-01,2018,1,dry,post_DAO_2016_08,0.8,7.3,27.8,108,36,50,2200000,,6.3424,,,0.024,3.677,122,10,nitrate_n_mg_l(<0.048),,,,,Meycauayan,449
722,Meycauayan River,MEY-2,2,Expressway Bridge Brgy. Langka Meycauayan Bulacan,14.739206,120.976297,2018-01-25,12:01,2018-01,2018,1,dry,post_DAO_2016_08,0.25,6.82,28.4,128,43,50,5400000,,6.7324,,,0.024,1.885,536,10,nitrate_n_mg_l(<0.048),,,,,Meycauayan,450
723,Meycauayan River,MEY-3,3,Viente Reales Bridge Brgy. Viente Reales Valenzuela City MM,14.730028,120.965119,2018-01-25,12:46,2018-01,2018,1,dry,post_DAO_2016_08,0.31,6.89,28.6,120,52,50,5400000,,6.7324,,,0.024,1.777,488,10,nitrate_n_mg_l(<0.048),,,,,Meycauayan,451
724,Meycauayan River,MEY-4,4,McArthur Highway Brgy. Banga Meycauayan Bulacan,14.73075,120.961339,2018-01-25,12:36,2018-01,2018,1,dry,post_DAO_2016_08,0.33,6.9,28.4,114,59,50,17000000,,7.2304,,,0.024,1.74,546,10,nitrate_n_mg_l(<0.048),,,tss_mg_l(high),,Meycauayan,452
725,Meycauayan River,MEY-5,5,Meymart Bridge Brgy. Zamora Meycauayan Bulacan,14.736142,120.95815,2018-01-25,12:55,2018-01,2018,1,dry,post_DAO_2016_08,0.2,6.9,28.5,115,63,50,940000,,5.9731,,,0.024,1.732,595,10,nitrate_n_mg_l(<0.048),,,tss_mg_l(high),,Meycauayan,453
726,Meycauayan River,MEY-1,1,Perez Bridge Brgy. Perez Meycauayan Bulacan,14.758217,120.989964,2018-02-22,11:58,2018-02,2018,2,dry,post_DAO_2016_08,0.3,6.54,28.3,104,57,75,35000000,,7.5441,,,0.092,5.42,156,10,,,,phosphate_p_mg_l(high),,Meycauayan,455
727,Meycauayan River,MEY-2,2,Expressway Bridge Brgy. Langka Meycauayan Bulacan,14.739206,120.976297,2018-02-22,12:20,2018-02,2018,2,dry,post_DAO_2016_08,0.66,6.64,31.7,88,68,250,24000000,,7.3802,,,0.024,2.48,205,10,nitrate_n_mg_l(<0.048),,,tss_mg_l(high);color_tcu(high),,Meycauayan,456
728,Meycauayan River,MEY-3,3,Viente Reales Bridge Brgy. Viente Reales Valenzuela City MM,14.730028,120.965119,2018-02-22,12:53,2018-02,2018,2,dry,post_DAO_2016_08,0.63,6.59,29.5,133,77,60,92000000,,7.9638,,,0.024,1.476,98,10,nitrate_n_mg_l(<0.048),,,tss_mg_l(high),,Meycauayan,457
729,Meycauayan River,MEY-4,4,McArthur Highway Brgy. Banga Meycauayan Bulacan,14.73075,120.961339,2018-02-22,13:14,2018-02,2018,2,dry,post_DAO_2016_08,0.89,7.01,30.6,74,89,80,54000000,,7.7324,,,0.057,2.294,2585,10,,,,tss_mg_l(high),,Meycauayan,458
730,Meycauayan River,MEY-5,5,Meymart Bridge Brgy. Zamora Meycauayan Bulacan,14.736142,120.95815,2018-02-22,13:35,2018-02,2018,2,dry,post_DAO_2016_08,0.69,7.27,32.2,74,112,60,430000,,5.6335,,,0.024,2.419,3755,10,nitrate_n_mg_l(<0.048),,,tss_mg_l(high);chloride_mg_l(high),,Meycauayan,459
731,Meycauayan River,MEY-1,1,Perez Bridge Brgy. Perez Meycauayan Bulacan,14.758217,120.989964,2018-04-16,11:28,2018-04,2018,4,dry,post_DAO_2016_08,1.1,8,29.1,93,28,60,9200000,,6.9638,,,0.024,4.281,141,10,nitrate_n_mg_l(<0.048),,,,,Meycauayan,467
732,Meycauayan River,MEY-2,2,Expressway Bridge Brgy. Langka Meycauayan Bulacan,14.739206,120.976297,2018-04-16,11:43,2018-04,2018,4,dry,post_DAO_2016_08,0.11,7.35,33.1,78,44,20,1400000,,6.1461,,,0.247,1.842,4222,10,,,,chloride_mg_l(high),,Meycauayan,468
733,Meycauayan River,MEY-3,3,Viente Reales Bridge Brgy. Viente Reales Valenzuela City MM,14.730028,120.965119,2018-04-16,12:02,2018-04,2018,4,dry,post_DAO_2016_08,0.15,7.33,32.8,68,34,80,490000,,5.6902,,,0.36,1.848,4106,10,,,,chloride_mg_l(high),,Meycauayan,469
734,Meycauayan River,MEY-4,4,McArthur Highway Brgy. Banga Meycauayan Bulacan,14.73075,120.961339,2018-04-16,12:22,2018-04,2018,4,dry,post_DAO_2016_08,0.18,7.32,32.15,56,28,60,790000,,5.8976,,,0.147,1.788,5193,10,,,,chloride_mg_l(high),,Meycauayan,470
735,Meycauayan River,MEY-5,5,Meymart Bridge Brgy. Zamora Meycauayan Bulacan,14.736142,120.95815,2018-04-16,12:39,2018-04,2018,4,dry,post_DAO_2016_08,0.13,7.29,32.25,68,20,30,230000,,5.3617,,,0.335,1.916,5193,10,,,,chloride_mg_l(high),,Meycauayan,471
736,Meycauayan River,MEY-1,1,Perez Bridge Brgy. Perez Meycauayan Bulacan,14.758217,120.989964,2018-05-16,11:31,2018-05,2018,5,dry,post_DAO_2016_08,2.89,8.03,29.7,38,9,40,54000000,,7.7324,,,0.024,2.603,98,10,nitrate_n_mg_l(<0.048),,,do_mg_l(high),,Meycauayan,473
737,Meycauayan River,MEY-2,2,Expressway Bridge Brgy. Langka Meycauayan Bulacan,14.739206,120.976297,2018-05-16,11:50,2018-05,2018,5,dry,post_DAO_2016_08,0.38,7.49,31.4,38,31,30,1400000,,6.1461,,,0.188,1.226,5185,10,,,,chloride_mg_l(high),,Meycauayan,474
738,Meycauayan River,MEY-3,3,Viente Reales Bridge Brgy. Viente Reales Valenzuela City MM,14.730028,120.965119,2018-05-16,12:10,2018-05,2018,5,dry,post_DAO_2016_08,0.25,7.51,31.5,73,25,30,1700000,,6.2304,,,0.024,1.391,6026,10,nitrate_n_mg_l(<0.048),,,chloride_mg_l(high),,Meycauayan,475
739,Meycauayan River,MEY-4,4,McArthur Highway Brgy. Banga Meycauayan Bulacan,14.73075,120.961339,2018-05-16,12:31,2018-05,2018,5,dry,post_DAO_2016_08,0.3,7.53,31.8,45,21,30,790000,,5.8976,,,0.123,1.341,4998,10,,,,chloride_mg_l(high),,Meycauayan,476
740,Meycauayan River,MEY-5,5,Meymart Bridge Brgy. Zamora Meycauayan Bulacan,14.736142,120.95815,2018-05-16,12:49,2018-05,2018,5,dry,post_DAO_2016_08,0.48,7.47,31.9,45,32,20,790000,,5.8976,,,0.024,1.307,6400,10,nitrate_n_mg_l(<0.048),,,chloride_mg_l(high),,Meycauayan,477
741,Obando River,OBA-1,1,Polo Bridge Brgy. Polo Valenzuela City MM,14.810347,120.937194,,,2012-01,2012,1,dry,pre_DAO_2016_08,2.9,,,10,,,,,,,,,,,2,,,,,,Obando,14
742,Obando River,OBA-2,2,Near Municipal Fishport & P.M.,14.709214,120.946597,,,2012-01,2012,1,dry,pre_DAO_2016_08,4.6,,,10,,,,,,,,,,,2,,,,,,Obando,15
743,Obando River,OBA-3,3,Tawiran Bridge Brgy. Tawiran Obando Bulacan,14.746714,120.910617,,,2012-01,2012,1,dry,pre_DAO_2016_08,2.6,,,19,,,,,,,,,,,2,,,,,,Obando,16
744,Obando River,OBA-1,1,Polo Bridge Brgy. Polo Valenzuela City MM,14.810347,120.937194,,,2012-02,2012,2,dry,pre_DAO_2016_08,2.2,,,7,,,,,,,,,,,2,,,,,,Obando,18
745,Obando River,OBA-2,2,Near Municipal Fishport & P.M.,14.709214,120.946597,,,2012-02,2012,2,dry,pre_DAO_2016_08,2.1,,,13,,,,,,,,,,,2,,,,,,Obando,19
746,Obando River,OBA-3,3,Tawiran Bridge Brgy. Tawiran Obando Bulacan,14.746714,120.910617,,,2012-02,2012,2,dry,pre_DAO_2016_08,4.4,,,8,,,,,,,,,,,2,,,,,,Obando,20
747,Obando River,OBA-1,1,Polo Bridge Brgy. Polo Valenzuela City MM,14.810347,120.937194,,,2012-03,2012,3,dry,pre_DAO_2016_08,3.6,,,10,,,,,,,,,,,2,,,,,,Obando,22
748,Obando River,OBA-2,2,Near Municipal Fishport & P.M.,14.709214,120.946597,,,2012-03,2012,3,dry,pre_DAO_2016_08,1.6,,,25,,,,,,,,,,,2,,,,,,Obando,23
749,Obando River,OBA-3,3,Tawiran Bridge Brgy. Tawiran Obando Bulacan,14.746714,120.910617,,,2012-03,2012,3,dry,pre_DAO_2016_08,3.7,,,5,,,,,,,,,,,2,,,,,,Obando,24
750,Obando River,OBA-1,1,Polo Bridge Brgy. Polo Valenzuela City MM,14.810347,120.937194,,,2012-04,2012,4,dry,pre_DAO_2016_08,4.9,,,12,,,,,,,,,,,2,,,,,,Obando,26
751,Obando River,OBA-2,2,Near Municipal Fishport & P.M.,14.709214,120.946597,,,2012-04,2012,4,dry,pre_DAO_2016_08,2.4,,,9,,,,,,,,,,,2,,,,,,Obando,27
752,Obando River,OBA-3,3,Tawiran Bridge Brgy. Tawiran Obando Bulacan,14.746714,120.910617,,,2012-04,2012,4,dry,pre_DAO_2016_08,3.5,,,5,,,,,,,,,,,2,,,,,,Obando,28
753,Obando River,OBA-1,1,Polo Bridge Brgy. Polo Valenzuela City MM,14.810347,120.937194,,,2012-05,2012,5,dry,pre_DAO_2016_08,1.55,,,24,,,,,,,,,,,2,,,,,,Obando,30
754,Obando River,OBA-2,2,Near Municipal Fishport & P.M.,14.709214,120.946597,,,2012-05,2012,5,dry,pre_DAO_2016_08,2.52,,,7,,,,,,,,,,,2,,,,,,Obando,31
755,Obando River,OBA-3,3,Tawiran Bridge Brgy. Tawiran Obando Bulacan,14.746714,120.910617,,,2012-05,2012,5,dry,pre_DAO_2016_08,3.6,,,20,,,,,,,,,,,2,,,,,,Obando,32
756,Obando River,OBA-1,1,Polo Bridge Brgy. Polo Valenzuela City MM,14.810347,120.937194,,,2012-06,2012,6,wet,pre_DAO_2016_08,3.6,,,15,,,,,,,,,,,2,,,,,,Obando,34
757,Obando River,OBA-2,2,Near Municipal Fishport & P.M.,14.709214,120.946597,,,2012-06,2012,6,wet,pre_DAO_2016_08,3.9,,,17,,,,,,,,,,,2,,,,,,Obando,35
758,Obando River,OBA-3,3,Tawiran Bridge Brgy. Tawiran Obando Bulacan,14.746714,120.910617,,,2012-06,2012,6,wet,pre_DAO_2016_08,2.6,,,3,,,,,,,,,,,2,,,,,,Obando,36
759,Obando River,OBA-1,1,Polo Bridge Brgy. Polo Valenzuela City MM,14.810347,120.937194,,,2012-07,2012,7,wet,pre_DAO_2016_08,3.5,,,5,,,,,,,,,,,2,,,,,,Obando,38
760,Obando River,OBA-2,2,Near Municipal Fishport & P.M.,14.709214,120.946597,,,2012-07,2012,7,wet,pre_DAO_2016_08,2.1,,,8,,,,,,,,,,,2,,,,,,Obando,39
761,Obando River,OBA-3,3,Tawiran Bridge Brgy. Tawiran Obando Bulacan,14.746714,120.910617,,,2012-07,2012,7,wet,pre_DAO_2016_08,2.7,,,8,,,,,,,,,,,2,,,,,,Obando,40
762,Obando River,OBA-1,1,Polo Bridge Brgy. Polo Valenzuela City MM,14.810347,120.937194,,,2012-08,2012,8,wet,pre_DAO_2016_08,2.7,,,5,,,,,,,,,,,2,,,,,,Obando,42
763,Obando River,OBA-2,2,Near Municipal Fishport & P.M.,14.709214,120.946597,,,2012-08,2012,8,wet,pre_DAO_2016_08,2.6,,,3,,,,,,,,,,,2,,,,,,Obando,43
764,Obando River,OBA-3,3,Tawiran Bridge Brgy. Tawiran Obando Bulacan,14.746714,120.910617,,,2012-08,2012,8,wet,pre_DAO_2016_08,3.1,,,2,,,,,,,,,,,2,,,,,,Obando,44
765,Obando River,OBA-1,1,Polo Bridge Brgy. Polo Valenzuela City MM,14.810347,120.937194,,,2012-09,2012,9,wet,pre_DAO_2016_08,4.3,,,7,,,,,,,,,,,2,,,,,,Obando,46
766,Obando River,OBA-2,2,Near Municipal Fishport & P.M.,14.709214,120.946597,,,2012-09,2012,9,wet,pre_DAO_2016_08,1.1,,,5,,,,,,,,,,,2,,,,,,Obando,47
767,Obando River,OBA-3,3,Tawiran Bridge Brgy. Tawiran Obando Bulacan,14.746714,120.910617,,,2012-09,2012,9,wet,pre_DAO_2016_08,3.2,,,5,,,,,,,,,,,2,,,,,,Obando,48
768,Obando River,OBA-1,1,Polo Bridge Brgy. Polo Valenzuela City MM,14.810347,120.937194,,,2012-10,2012,10,wet,pre_DAO_2016_08,3.2,,,14,,,,,,,,,,,2,,,,,,Obando,50
769,Obando River,OBA-2,2,Near Municipal Fishport & P.M.,14.709214,120.946597,,,2012-10,2012,10,wet,pre_DAO_2016_08,2.5,,,12,,,,,,,,,,,2,,,,,,Obando,51
770,Obando River,OBA-3,3,Tawiran Bridge Brgy. Tawiran Obando Bulacan,14.746714,120.910617,,,2012-10,2012,10,wet,pre_DAO_2016_08,2,,,11,,,,,,,,,,,2,,,,,,Obando,52
771,Obando River,OBA-1,1,Polo Bridge Brgy. Polo Valenzuela City MM,14.810347,120.937194,,,2012-11,2012,11,wet,pre_DAO_2016_08,4.2,,,6,,,,,,,,,,,2,,,,,,Obando,54
772,Obando River,OBA-2,2,Near Municipal Fishport & P.M.,14.709214,120.946597,,,2012-11,2012,11,wet,pre_DAO_2016_08,2.8,,,8,,,,,,,,,,,2,,,,,,Obando,55
773,Obando River,OBA-3,3,Tawiran Bridge Brgy. Tawiran Obando Bulacan,14.746714,120.910617,,,2012-11,2012,11,wet,pre_DAO_2016_08,1.6,,,11,,,,,,,,,,,2,,,,,,Obando,56
774,Obando River,OBA-1,1,Polo Bridge Brgy. Polo Valenzuela City MM,14.810347,120.937194,,,2012-12,2012,12,dry,pre_DAO_2016_08,4.3,,,8,,,,,,,,,,,2,,,,,,Obando,58
775,Obando River,OBA-2,2,Near Municipal Fishport & P.M.,14.709214,120.946597,,,2012-12,2012,12,dry,pre_DAO_2016_08,3.1,,,7,,,,,,,,,,,2,,,,,,Obando,59
776,Obando River,OBA-3,3,Tawiran Bridge Brgy. Tawiran Obando Bulacan,14.746714,120.910617,,,2012-12,2012,12,dry,pre_DAO_2016_08,4.4,,,7,,,,,,,,,,,2,,,,,,Obando,60
777,Obando River,OBA-1,1,Polo Bridge Brgy. Polo Valenzuela City MM,14.810347,120.937194,2013-01-23,11:12,2013-01,2013,1,dry,pre_DAO_2016_08,2.2,8.6,,11,31,,,2400000,,6.3802,2.811,0.008,1.873,,8,,,,phosphate_p_mg_l(high),,Obando,62
778,Obando River,OBA-2,2,Near Municipal Fishport & P.M.,14.709214,120.946597,2013-01-23,11:36,2013-01,2013,1,dry,pre_DAO_2016_08,1.3,7.7,,9,44,,,350000,,5.5441,1.906,0.034,0.597,,8,,,,,,Obando,63
779,Obando River,OBA-3,3,Tawiran Bridge Brgy. Tawiran Obando Bulacan,14.746714,120.910617,2013-01-23,12:12,2013-01,2013,1,dry,pre_DAO_2016_08,1.1,7.9,,17,31,,,170000,,5.2304,2.721,0.012,1.348,,8,,,,,,Obando,64
780,Obando River,OBA-1,1,Polo Bridge Brgy. Polo Valenzuela City MM,14.810347,120.937194,2013-02-14,10:46,2013-02,2013,2,dry,pre_DAO_2016_08,3.4,8.3,,18,30,,,350000,,5.5441,3.504,0.075,0.897,,8,,,,,,Obando,66
781,Obando River,OBA-2,2,Near Municipal Fishport & P.M.,14.709214,120.946597,2013-02-14,11:03,2013-02,2013,2,dry,pre_DAO_2016_08,2.2,8,,16,118,,,46000,,4.6628,3.454,0.031,0.638,,8,,,,tss_mg_l(high),,Obando,67
782,Obando River,OBA-3,3,Tawiran Bridge Brgy. Tawiran Obando Bulacan,14.746714,120.910617,2013-02-14,11:46,2013-02,2013,2,dry,pre_DAO_2016_08,1.2,7.7,,10,108,,,920000,,5.9638,7.104,0.105,1.346,,8,,,,tss_mg_l(high),,Obando,68
783,Obando River,OBA-1,1,Polo Bridge Brgy. Polo Valenzuela City MM,14.810347,120.937194,2013-03-20,11:21,2013-03,2013,3,dry,pre_DAO_2016_08,2.8,8.6,,10,73,,,5400000,,6.7324,1.909,0.048,0.769,,8,,,,,,Obando,70
784,Obando River,OBA-2,2,Near Municipal Fishport & P.M.,14.709214,120.946597,2013-03-20,11:52,2013-03,2013,3,dry,pre_DAO_2016_08,1.8,8.1,,8,24,,,350000,,5.5441,1.565,0.009,0.79,,8,,,,,,Obando,71
785,Obando River,OBA-3,3,Tawiran Bridge Brgy. Tawiran Obando Bulacan,14.746714,120.910617,2013-03-20,12:23,2013-03,2013,3,dry,pre_DAO_2016_08,3.1,8.06,,7,133,,,5400,,3.7324,2.505,0.076,0.899,,8,,,,tss_mg_l(high),,Obando,72
786,Obando River,OBA-1,1,Polo Bridge Brgy. Polo Valenzuela City MM,14.810347,120.937194,2013-04-18,11:21,2013-04,2013,4,dry,pre_DAO_2016_08,3.8,8.19,,19,17,,,160000,,5.2041,9.457,0.096,0.125,,8,,,,ammonia_mg_l(high),,Obando,74
787,Obando River,OBA-2,2,Near Municipal Fishport & P.M.,14.709214,120.946597,2013-04-18,11:52,2013-04,2013,4,dry,pre_DAO_2016_08,1.09,7.73,,2,79,,,5400,,3.7324,1.911,0.025,0.335,,8,,,,,,Obando,75
788,Obando River,OBA-3,3,Tawiran Bridge Brgy. Tawiran Obando Bulacan,14.746714,120.910617,2013-04-18,12:23,2013-04,2013,4,dry,pre_DAO_2016_08,2.73,8.25,,5,69,,,240,,2.3802,1.579,0.155,0.31,,8,,,,total_coliform_mpn_100ml(low),,Obando,76
789,Obando River,OBA-1,1,Polo Bridge Brgy. Polo Valenzuela City MM,14.810347,120.937194,2013-05-22,11:12,2013-05,2013,5,dry,pre_DAO_2016_08,4.5,8.5,,15,18,,,2400000,,6.3802,2.394,0.016,1.973,,8,,,,phosphate_p_mg_l(high),,Obando,78
790,Obando River,OBA-2,2,Near Municipal Fishport & P.M.,14.709214,120.946597,2013-05-22,11:36,2013-05,2013,5,dry,pre_DAO_2016_08,1.4,8.1,,5,46,,,170000,,5.2304,1.157,0.02,1.434,,8,,,,,,Obando,79
791,Obando River,OBA-3,3,Tawiran Bridge Brgy. Tawiran Obando Bulacan,14.746714,120.910617,2013-05-22,12:17,2013-05,2013,5,dry,pre_DAO_2016_08,2.1,8.06,,43,46,,,350000,,5.5441,0.121,0.006,0.616,,8,,,,,,Obando,80
792,Obando River,OBA-1,1,Polo Bridge Brgy. Polo Valenzuela City MM,14.810347,120.937194,2013-06-06,11:20,2013-06,2013,6,wet,pre_DAO_2016_08,4.9,7.35,,10,5,,,920000,,5.9638,7.534,0.149,1.082,,8,,,,,,Obando,82
793,Obando River,OBA-2,2,Near Municipal Fishport & P.M.,14.709214,120.946597,2013-06-06,11:47,2013-06,2013,6,wet,pre_DAO_2016_08,5.1,8.1,,14,7,,,9200,,3.9638,0.731,0.094,0.288,,8,,,,,,Obando,83
794,Obando River,OBA-3,3,Tawiran Bridge Brgy. Tawiran Obando Bulacan,14.746714,120.910617,2013-06-06,12:27,2013-06,2013,6,wet,pre_DAO_2016_08,5.5,7.9,,5,52,,,54000,,4.7324,3.052,0.024,0.674,,8,,,,,,Obando,84
795,Obando River,OBA-1,1,Polo Bridge Brgy. Polo Valenzuela City MM,14.810347,120.937194,2013-07-11,09:43,2013-07,2013,7,wet,pre_DAO_2016_08,3.1,6.9,,16,2,,,920000,,5.9638,6.573,0.072,0.649,,8,,,,,,Obando,86
796,Obando River,OBA-2,2,Near Municipal Fishport & P.M.,14.709214,120.946597,2013-07-11,10:05,2013-07,2013,7,wet,pre_DAO_2016_08,3.4,6.1,,7,5,,,92000,,4.9638,4.779,0.189,0.279,,8,,,,ph(low),,Obando,87
797,Obando River,OBA-3,3,Tawiran Bridge Brgy. Tawiran Obando Bulacan,14.746714,120.910617,2013-07-11,10:40,2013-07,2013,7,wet,pre_DAO_2016_08,3.6,6.4,,2,10,,,5400,,3.7324,2.052,0.025,0.275,,8,nitrate_n_mg_l(<0.05),,,ph(low),,Obando,88
798,Obando River,OBA-1,1,Polo Bridge Brgy. Polo Valenzuela City MM,14.810347,120.937194,2013-08-15,09:41,2013-08,2013,8,wet,pre_DAO_2016_08,2.7,6.95,,11,6,,,3500000,,6.5441,7.236,0.914,1.143,,8,,,,nitrate_n_mg_l(high),,Obando,90
799,Obando River,OBA-2,2,Near Municipal Fishport & P.M.,14.709214,120.946597,2013-08-15,10:20,2013-08,2013,8,wet,pre_DAO_2016_08,2.87,7.28,,2,10,,,3500000,,6.5441,3.607,0.095,0.505,,8,,,,,,Obando,91
800,Obando River,OBA-3,3,Tawiran Bridge Brgy. Tawiran Obando Bulacan,14.746714,120.910617,2013-08-15,11:03,2013-08,2013,8,wet,pre_DAO_2016_08,3.25,7.31,,6,15,,,2400000,,6.3802,2.818,0.196,0.598,,8,,,,,,Obando,92
801,Obando River,OBA-1,1,Polo Bridge Brgy. Polo Valenzuela City MM,14.810347,120.937194,2013-09-05,10:25,2013-09,2013,9,wet,pre_DAO_2016_08,2.7,8.01,,9,30,,,350000,,5.5441,2.282,0.025,0.364,,8,nitrate_n_mg_l(<0.05),,,,,Obando,94
802,Obando River,OBA-2,2,Near Municipal Fishport & P.M.,14.709214,120.946597,2013-09-05,10:45,2013-09,2013,9,wet,pre_DAO_2016_08,2.4,8.1,,13,70,,,9400,,3.9731,1.612,0.025,0.186,,8,nitrate_n_mg_l(<0.05),,,,,Obando,95
803,Obando River,OBA-3,3,Tawiran Bridge Brgy. Tawiran Obando Bulacan,14.746714,120.910617,2013-09-05,11:19,2013-09,2013,9,wet,pre_DAO_2016_08,3.1,8.2,,2,65,,,240,,2.3802,1.231,0.025,0.21,,8,nitrate_n_mg_l(<0.05),,,total_coliform_mpn_100ml(low),,Obando,96
804,Obando River,OBA-1,1,Polo Bridge Brgy. Polo Valenzuela City MM,14.810347,120.937194,2013-10-10,10:52,2013-10,2013,10,wet,pre_DAO_2016_08,3.8,7.78,,9,4,,,140000,,5.1461,3.946,0.037,0.561,,8,,,,,,Obando,98
805,Obando River,OBA-2,2,Near Municipal Fishport & P.M.,14.709214,120.946597,2013-10-10,11:33,2013-10,2013,10,wet,pre_DAO_2016_08,2.4,8.2,,5,7,,,280000,,5.4472,2.869,0.032,0.447,,8,,,,,,Obando,99
806,Obando River,OBA-3,3,Tawiran Bridge Brgy. Tawiran Obando Bulacan,14.746714,120.910617,2013-10-10,12:15,2013-10,2013,10,wet,pre_DAO_2016_08,2.2,7.74,,10,19,,,2400000,,6.3802,1.232,0.03,0.785,,8,,,,,,Obando,100
807,Obando River,OBA-1,1,Polo Bridge Brgy. Polo Valenzuela City MM,14.810347,120.937194,2013-11-07,12:03,2013-11,2013,11,wet,pre_DAO_2016_08,5.2,8.17,,11,5,,,240000,,5.3802,0.831,0.025,0.363,,8,nitrate_n_mg_l(<0.05),,,,,Obando,102
808,Obando River,OBA-2,2,Near Municipal Fishport & P.M.,14.709214,120.946597,2013-11-07,12:24,2013-11,2013,11,wet,pre_DAO_2016_08,1.1,7.5,,4,11,,,350000,,5.5441,1.196,0.025,0.375,,8,nitrate_n_mg_l(<0.05),,,,,Obando,103
809,Obando River,OBA-3,3,Tawiran Bridge Brgy. Tawiran Obando Bulacan,14.746714,120.910617,2013-11-07,12:56,2013-11,2013,11,wet,pre_DAO_2016_08,0.9,7.78,,33,15,,,1600000,,6.2041,2.672,0.025,0.91,,8,nitrate_n_mg_l(<0.05),,,,,Obando,104
810,Obando River,OBA-1,1,Polo Bridge Brgy. Polo Valenzuela City MM,14.810347,120.937194,2014-01-09,09:24,2014-01,2014,1,dry,pre_DAO_2016_08,1.15,7.84,,9,1,,,460000,,5.6628,6.637,0.024,0.567,,8,tss_mg_l(<2);nitrate_n_mg_l(<0.048),,,,,Obando,110
811,Obando River,OBA-2,2,Near Municipal Fishport & P.M.,14.709214,120.946597,2014-01-09,10:00,2014-01,2014,1,dry,pre_DAO_2016_08,0.95,7.36,,4,29,,,130000,,5.1139,2.523,0.024,0.126,,8,nitrate_n_mg_l(<0.048),,,,,Obando,111
812,Obando River,OBA-3,3,Tawiran Bridge Brgy. Tawiran Obando Bulacan,14.746714,120.910617,2014-01-09,10:46,2014-01,2014,1,dry,pre_DAO_2016_08,0.34,7.56,,14,7,,,540000,,5.7324,12.033,0.024,0.586,,8,nitrate_n_mg_l(<0.048),,,ammonia_mg_l(high),,Obando,112
813,Obando River,OBA-1,1,Polo Bridge Brgy. Polo Valenzuela City MM,14.810347,120.937194,2014-02-13,11:10,2014-02,2014,2,dry,pre_DAO_2016_08,3.6,8.17,,13,25,,,540000,,5.7324,4.28,0.056,0.567,,8,,,,,,Obando,114
814,Obando River,OBA-2,2,Near Municipal Fishport & P.M.,14.709214,120.946597,2014-02-13,11:28,2014-02,2014,2,dry,pre_DAO_2016_08,1.1,7.7,,9,36,,,280000,,5.4472,1.731,0.024,0.126,,8,nitrate_n_mg_l(<0.048),,,,,Obando,115
815,Obando River,OBA-3,3,Tawiran Bridge Brgy. Tawiran Obando Bulacan,14.746714,120.910617,2014-02-13,12:01,2014-02,2014,2,dry,pre_DAO_2016_08,1.6,7.6,,12,45,,,130000,,5.1139,8.295,0.024,0.586,,8,nitrate_n_mg_l(<0.048),,,,,Obando,116
816,Obando River,OBA-1,1,Polo Bridge Brgy. Polo Valenzuela City MM,14.810347,120.937194,2014-03-20,11:05,2014-03,2014,3,dry,pre_DAO_2016_08,3.4,8.45,,9,47,,,1600000,,6.2041,1.41,0.173,3.446,,8,,,,phosphate_p_mg_l(high),,Obando,118
817,Obando River,OBA-2,2,Near Municipal Fishport & P.M.,14.709214,120.946597,2014-03-20,11:40,2014-03,2014,3,dry,pre_DAO_2016_08,0.82,8.05,,6,76,,,4,,0.6021,1.532,0.342,0.787,,8,,,,total_coliform_mpn_100ml(low),,Obando,119
818,Obando River,OBA-3,3,Tawiran Bridge Brgy. Tawiran Obando Bulacan,14.746714,120.910617,2014-03-20,12:17,2014-03,2014,3,dry,pre_DAO_2016_08,1.44,7.97,,7,96,,,0.9,,-0.0458,1.528,0.305,0.618,,8,total_coliform_mpn_100ml(<1.8),,,tss_mg_l(high);total_coliform_mpn_100ml(low),,Obando,120
819,Obando River,OBA-1,1,Polo Bridge Brgy. Polo Valenzuela City MM,14.810347,120.937194,2014-04-24,11:51,2014-04,2014,4,dry,pre_DAO_2016_08,2.9,8.3,,8,24,,,49000,,4.6902,2.223,0.601,0.487,,8,,,,nitrate_n_mg_l(high),,Obando,122
820,Obando River,OBA-2,2,Near Municipal Fishport & P.M.,14.709214,120.946597,2014-04-24,12:10,2014-04,2014,4,dry,pre_DAO_2016_08,1.3,8.35,,2,37,,,16000,,4.2041,0.245,0.1,0.701,,8,total_coliform_mpn_100ml(>16000),,,,,Obando,123
821,Obando River,OBA-3,3,Tawiran Bridge Brgy. Tawiran Obando Bulacan,14.746714,120.910617,2014-04-24,12:40,2014-04,2014,4,dry,pre_DAO_2016_08,3.8,8.43,,10,44,,,700,,2.8451,2.461,0.054,1.198,,8,,,,,,Obando,124
822,Obando River,OBA-1,1,Polo Bridge Brgy. Polo Valenzuela City MM,14.810347,120.937194,2014-05-22,12:01,2014-05,2014,5,dry,pre_DAO_2016_08,1.72,7.41,,13,36,,,35000,,4.5441,1.356,0.207,3.591,,8,,,,phosphate_p_mg_l(high),,Obando,126
823,Obando River,OBA-2,2,Near Municipal Fishport & P.M.,14.709214,120.946597,2014-05-22,12:25,2014-05,2014,5,dry,pre_DAO_2016_08,1.51,7.39,,9,13,,,9200,,3.9638,1.553,0.136,3.562,,8,,,,phosphate_p_mg_l(high),,Obando,127
824,Obando River,OBA-3,3,Tawiran Bridge Brgy. Tawiran Obando Bulacan,14.746714,120.910617,2014-05-22,12:55,2014-05,2014,5,dry,pre_DAO_2016_08,1.62,7.41,,13,16,,,7000,,3.8451,1.368,0.173,3.598,,8,,,,phosphate_p_mg_l(high),,Obando,128
825,Obando River,OBA-1,1,Polo Bridge Brgy. Polo Valenzuela City MM,14.810347,120.937194,2014-06-05,11:04,2014-06,2014,6,wet,pre_DAO_2016_08,0.36,7.28,,17,31,,,160000,,5.2041,6.542,0.216,1.121,,8,total_coliform_mpn_100ml(>160000),,,,,Obando,130
826,Obando River,OBA-2,2,Near Municipal Fishport & P.M.,14.709214,120.946597,2014-06-05,11:24,2014-06,2014,6,wet,pre_DAO_2016_08,0.19,6.88,,16,29,,,54000,,4.7324,2.339,0.141,0.687,,8,,,,,,Obando,131
827,Obando River,OBA-3,3,Tawiran Bridge Brgy. Tawiran Obando Bulacan,14.746714,120.910617,2014-06-05,11:35,2014-06,2014,6,wet,pre_DAO_2016_08,0.83,7.16,,4,49,,,92000,,4.9638,1.834,0.187,0.633,,8,,,,,,Obando,132
828,Obando River,OBA-1,1,Polo Bridge Brgy. Polo Valenzuela City MM,14.810347,120.937194,2014-07-30,10:51,2014-07,2014,7,wet,pre_DAO_2016_08,1.46,8.2,,14,14,,,240000,,5.3802,3.272,0.14,0.885,,8,,,,,,Obando,134
829,Obando River,OBA-2,2,Near Municipal Fishport & P.M.,14.709214,120.946597,2014-07-30,11:23,2014-07,2014,7,wet,pre_DAO_2016_08,1.2,7.36,,22,21,,,240000,,5.3802,2.282,0.153,0.741,,8,,,,,,Obando,135
830,Obando River,OBA-3,3,Tawiran Bridge Brgy. Tawiran Obando Bulacan,14.746714,120.910617,2014-07-30,11:57,2014-07,2014,7,wet,pre_DAO_2016_08,1.6,7.66,,21,30,,,170000,,5.2304,1.584,0.152,0.758,,8,,,,,,Obando,136
831,Obando River,OBA-1,1,Polo Bridge Brgy. Polo Valenzuela City MM,14.810347,120.937194,2014-08-21,10:16,2014-08,2014,8,wet,pre_DAO_2016_08,0.5,7.72,,4,10,,,920000,,5.9638,2.78,0.331,1.912,,8,,,,phosphate_p_mg_l(high),,Obando,138
832,Obando River,OBA-2,2,Near Municipal Fishport & P.M.,14.709214,120.946597,2014-08-21,10:40,2014-08,2014,8,wet,pre_DAO_2016_08,0.91,7.16,,22,9,,,7900,,3.8976,2.16,0.176,0.701,,8,,,,,,Obando,139
833,Obando River,OBA-3,3,Tawiran Bridge Brgy. Tawiran Obando Bulacan,14.746714,120.910617,2014-08-21,11:12,2014-08,2014,8,wet,pre_DAO_2016_08,0.15,7.32,,57,9,,,350000,,5.5441,1.775,0.244,0.742,,8,,,,bod_mg_l(high),,Obando,140
834,Obando River,OBA-1,1,Polo Bridge Brgy. Polo Valenzuela City MM,14.810347,120.937194,2014-09-10,12:01,2014-09,2014,9,wet,pre_DAO_2016_08,1.8,8,,15,7,,,54000,,4.7324,2.209,0.294,1.259,,8,,,,,,Obando,142
835,Obando River,OBA-2,2,Near Municipal Fishport & P.M.,14.709214,120.946597,2014-09-10,12:21,2014-09,2014,9,wet,pre_DAO_2016_08,1.16,7.42,,5,45,,,54000,,4.7324,2.443,0.211,1.364,,8,,,,,,Obando,143
836,Obando River,OBA-3,3,Tawiran Bridge Brgy. Tawiran Obando Bulacan,14.746714,120.910617,2014-09-10,12:48,2014-09,2014,9,wet,pre_DAO_2016_08,1.32,8.07,,7,30,,,54000,,4.7324,1.534,0.212,1.44,,8,,,,,,Obando,144
837,Obando River,OBA-1,1,Polo Bridge Brgy. Polo Valenzuela City MM,14.810347,120.937194,2014-10-23,10:20,2014-10,2014,10,wet,pre_DAO_2016_08,0.16,7.87,,34,10,,,54000,,4.7324,1.602,0.204,0.377,,8,,,,,,Obando,146
838,Obando River,OBA-2,2,Near Municipal Fishport & P.M.,14.709214,120.946597,2014-10-23,10:53,2014-10,2014,10,wet,pre_DAO_2016_08,0.05,7.1,,20,10,,,92000,,4.9638,1.675,0.236,1.072,,8,,,,,,Obando,147
839,Obando River,OBA-3,3,Tawiran Bridge Brgy. Tawiran Obando Bulacan,14.746714,120.910617,2014-10-23,11:26,2014-10,2014,10,wet,pre_DAO_2016_08,0.74,7.67,,16,9,,,35000,,4.5441,1.765,0.211,0.149,,8,,,,,,Obando,148
840,Obando River,OBA-1,1,Polo Bridge Brgy. Polo Valenzuela City MM,14.810347,120.937194,2014-11-19,09:40,2014-11,2014,11,wet,pre_DAO_2016_08,2.4,8.24,,23,12,,,160000,,5.2041,3.345,0.332,0.591,,8,,,,,,Obando,150
841,Obando River,OBA-2,2,Near Municipal Fishport & P.M.,14.709214,120.946597,2014-11-19,10:01,2014-11,2014,11,wet,pre_DAO_2016_08,0.25,7.36,,34,27,,,17000,,4.2304,1.665,0.465,0.456,,8,,,,nitrate_n_mg_l(high),,Obando,151
842,Obando River,OBA-3,3,Tawiran Bridge Brgy. Tawiran Obando Bulacan,14.746714,120.910617,2014-11-19,10:35,2014-11,2014,11,wet,pre_DAO_2016_08,0.39,7.47,,31,18,,,35000,,4.5441,2.244,0.461,0.495,,8,,,,nitrate_n_mg_l(high),,Obando,152
843,Obando River,OBA-1,1,Polo Bridge Brgy. Polo Valenzuela City MM,14.810347,120.937194,2014-12-12,11:25,2014-12,2014,12,dry,pre_DAO_2016_08,3.01,7.88,,14,11,,,92000,,4.9638,2.751,0.233,0.489,,8,,,,,,Obando,154
844,Obando River,OBA-2,2,Near Municipal Fishport & P.M.,14.709214,120.946597,2014-12-12,11:46,2014-12,2014,12,dry,pre_DAO_2016_08,0.25,7.38,,23,12,,,160000,,5.2041,2.65,0.31,0.647,,8,total_coliform_mpn_100ml(>160000),,,,,Obando,155
845,Obando River,OBA-3,3,Tawiran Bridge Brgy. Tawiran Obando Bulacan,14.746714,120.910617,2014-12-12,12:15,2014-12,2014,12,dry,pre_DAO_2016_08,0.1,7.62,,19,12,,,540000,,5.7324,5.088,0.331,0.896,,8,,,,,,Obando,156
846,Obando River,OBA-1,1,Polo Bridge Brgy. Polo Valenzuela City MM,14.810347,120.937194,2015-08-19,11:15,2015-08,2015,8,wet,pre_DAO_2016_08,3.2,7.44,,30,26,,,1600000,,6.2041,5.258,0.245,0.665,,8,,,,,,Obando,186
847,Obando River,OBA-2,2,Near Municipal Fishport & P.M.,14.709214,120.946597,2015-08-19,11:36,2015-08,2015,8,wet,pre_DAO_2016_08,0.35,7.28,,50,44,,,920000,,5.9638,3.25,0.024,0.54,,8,nitrate_n_mg_l(<0.048),,,,,Obando,187
848,Obando River,OBA-3,3,Tawiran Bridge Brgy. Tawiran Obando Bulacan,14.746714,120.910617,2015-08-19,11:59,2015-08,2015,8,wet,pre_DAO_2016_08,0.76,7.42,,34,27,,,240000,,5.3802,2.604,0.024,1.126,,8,nitrate_n_mg_l(<0.048),,,,,Obando,188
849,Obando River,OBA-1,1,Polo Bridge Brgy. Polo Valenzuela City MM,14.810347,120.937194,2015-09-10,12:02,2015-09,2015,9,wet,pre_DAO_2016_08,2.84,7.66,,14,26,,,540000,,5.7324,2.16,0.127,0.422,,8,,,,,,Obando,190
850,Obando River,OBA-2,2,Near Municipal Fishport & P.M.,14.709214,120.946597,2015-09-10,12:23,2015-09,2015,9,wet,pre_DAO_2016_08,0.3,7.1,,67,37,,,540000,,5.7324,1.485,0.024,0.18,,8,nitrate_n_mg_l(<0.048),,,bod_mg_l(high),,Obando,191
851,Obando River,OBA-3,3,Tawiran Bridge Brgy. Tawiran Obando Bulacan,14.746714,120.910617,2015-09-10,12:45,2015-09,2015,9,wet,pre_DAO_2016_08,1.1,7.34,,34,30,,,92000,,4.9638,0.721,0.024,0.32,,8,nitrate_n_mg_l(<0.048),,,,,Obando,192
852,Obando River,OBA-1,1,Polo Bridge Brgy. Polo Valenzuela City MM,14.810347,120.937194,2015-10-14,12:15,2015-10,2015,10,wet,pre_DAO_2016_08,0.5,7.22,,21,5,,,16000000,,7.2041,9.692,0.055,1.165,,8,total_coliform_mpn_100ml(>16000000),,,ammonia_mg_l(high),,Obando,194
853,Obando River,OBA-2,2,Near Municipal Fishport & P.M.,14.709214,120.946597,2015-10-14,12:40,2015-10,2015,10,wet,pre_DAO_2016_08,2.23,7.21,,10,11,,,24000,,4.3802,6.679,0.024,0.77,,8,nitrate_n_mg_l(<0.048),,,,,Obando,195
854,Obando River,OBA-3,3,Tawiran Bridge Brgy. Tawiran Obando Bulacan,14.746714,120.910617,2015-10-14,13:05,2015-10,2015,10,wet,pre_DAO_2016_08,2.4,7.54,,12,26,,,92000,,4.9638,4.495,0.068,0.727,,8,,,,,,Obando,196
855,Obando River,OBA-1,1,Polo Bridge Brgy. Polo Valenzuela City MM,14.810347,120.937194,2015-11-11,10:50,2015-11,2015,11,wet,pre_DAO_2016_08,3.15,8.13,,58,10,,,130000,,5.1139,6.772,0.202,0.771,,8,,,,bod_mg_l(high),,Obando,198
856,Obando River,OBA-2,2,Near Municipal Fishport & P.M.,14.709214,120.946597,2015-11-11,11:12,2015-11,2015,11,wet,pre_DAO_2016_08,1.43,7.45,,18,36,,,220000,,5.3424,7.524,0.093,0.929,,8,,,,,,Obando,199
857,Obando River,OBA-3,3,Tawiran Bridge Brgy. Tawiran Obando Bulacan,14.746714,120.910617,2015-11-11,11:43,2015-11,2015,11,wet,pre_DAO_2016_08,0.98,7.64,,21,39,,,240000,,5.3802,7.386,0.117,0.991,,8,,,,,,Obando,200
858,Obando River,OBA-1,1,Polo Bridge Brgy. Polo Valenzuela City MM,14.810347,120.937194,2015-12-10,09:48,2015-12,2015,12,dry,pre_DAO_2016_08,1.53,8.19,,40,12,,,540000,,5.7324,5.136,0.024,0.649,,8,nitrate_n_mg_l(<0.048),,,,,Obando,202
859,Obando River,OBA-2,2,Near Municipal Fishport & P.M.,14.709214,120.946597,2015-12-10,10:09,2015-12,2015,12,dry,pre_DAO_2016_08,1.29,7.49,,39,18,,,33000,,4.5185,9.266,0.024,1.324,,8,nitrate_n_mg_l(<0.048),,,ammonia_mg_l(high),,Obando,203
860,Obando River,OBA-3,3,Tawiran Bridge Brgy. Tawiran Obando Bulacan,14.746714,120.910617,2015-12-10,10:32,2015-12,2015,12,dry,pre_DAO_2016_08,1.21,7.61,,57,18,,,130000,,5.1139,10.481,0.024,1.351,,8,nitrate_n_mg_l(<0.048),,,bod_mg_l(high);ammonia_mg_l(high),,Obando,204
861,Obando River,OBA-1,1,Polo Bridge Brgy. Polo Valenzuela City MM,14.810347,120.937194,2016-01-14,11:29,2016-01,2016,1,dry,pre_DAO_2016_08,4.2,8.41,,17,6,,,23000,,4.3617,6.667,0.024,0.362,,8,nitrate_n_mg_l(<0.048),,,,,Obando,206
862,Obando River,OBA-2,2,Near Municipal Fishport & P.M.,14.709214,120.946597,2016-01-14,11:55,2016-01,2016,1,dry,pre_DAO_2016_08,1.44,7.81,,63,31,,,920000,,5.9638,4.132,0.348,0.753,,8,,,,bod_mg_l(high),,Obando,207
863,Obando River,OBA-3,3,Tawiran Bridge Brgy. Tawiran Obando Bulacan,14.746714,120.910617,2016-01-14,12:20,2016-01,2016,1,dry,pre_DAO_2016_08,0.98,7.82,,13,27,,,23000,,4.3617,2.921,0.07,0.453,,8,,,,,,Obando,208
864,Obando River,OBA-1,1,Polo Bridge Brgy. Polo Valenzuela City MM,14.810347,120.937194,2016-02-05,10:20,2016-02,2016,2,dry,pre_DAO_2016_08,2.4,8.42,,12,16,,,54000,,4.7324,3.113,0.079,0.433,,8,,,,,,Obando,210
865,Obando River,OBA-2,2,Near Municipal Fishport & P.M.,14.709214,120.946597,2016-02-05,10:40,2016-02,2016,2,dry,pre_DAO_2016_08,0.8,7.68,,18,57,,,35000,,4.5441,2.118,0.105,0.545,,8,,,,,,Obando,211
866,Obando River,OBA-3,3,Tawiran Bridge Brgy. Tawiran Obando Bulacan,14.746714,120.910617,2016-02-05,11:05,2016-02,2016,2,dry,pre_DAO_2016_08,0.45,7.82,,12,58,,,1100,,3.0414,4.75,0.121,0.726,,8,,,,,,Obando,212
867,Obando River,OBA-1,1,Polo Bridge Brgy. Polo Valenzuela City MM,14.810347,120.937194,2016-03-03,10:46,2016-03,2016,3,dry,pre_DAO_2016_08,1.02,7.23,,46,7,,,16000,,4.2041,13.314,0.135,1.42,,8,total_coliform_mpn_100ml(>16000),,,ammonia_mg_l(high),,Obando,214
868,Obando River,OBA-2,2,Near Municipal Fishport & P.M.,14.709214,120.946597,2016-03-03,11:10,2016-03,2016,3,dry,pre_DAO_2016_08,1.18,7.76,,35,15,,,16000,,4.2041,8.481,0.159,1.196,,8,total_coliform_mpn_100ml(>16000),,,,,Obando,215
869,Obando River,OBA-3,3,Tawiran Bridge Brgy. Tawiran Obando Bulacan,14.746714,120.910617,2016-03-03,11:41,2016-03,2016,3,dry,pre_DAO_2016_08,1.26,7.75,,19,15,,,16000,,4.2041,7.411,0.254,0.896,,8,total_coliform_mpn_100ml(>16000),,,,,Obando,216
870,Obando River,OBA-1,1,Polo Bridge Brgy. Polo Valenzuela City MM,14.810347,120.937194,2016-04-20,12:05,2016-04,2016,4,dry,pre_DAO_2016_08,3.4,7.85,,27,50,,,24000,,4.3802,3.71,0.123,0.193,,8,,,,,,Obando,218
871,Obando River,OBA-2,2,Near Municipal Fishport & P.M.,14.709214,120.946597,2016-04-20,12:35,2016-04,2016,4,dry,pre_DAO_2016_08,2.65,8.08,,21,34,,,3500,,3.5441,3.377,0.191,0.945,,8,,,,,,Obando,219
872,Obando River,OBA-3,3,Tawiran Bridge Brgy. Tawiran Obando Bulacan,14.746714,120.910617,2016-04-20,12:59,2016-04,2016,4,dry,pre_DAO_2016_08,2.56,8.05,,14,21,,,2200,,3.3424,5.688,0.024,1.095,,8,nitrate_n_mg_l(<0.048),,,,,Obando,220
873,Obando River,OBA-1,1,Polo Bridge Brgy. Polo Valenzuela City MM,14.810347,120.937194,2016-05-13,10:21,2016-05,2016,5,dry,pre_DAO_2016_08,1,7.4,,96,7,,,1600000,,6.2041,4.088,0.327,0.594,,8,total_coliform_mpn_100ml(>1600000),,,bod_mg_l(high),,Obando,222
874,Obando River,OBA-2,2,Near Municipal Fishport & P.M.,14.709214,120.946597,2016-05-13,10:57,2016-05,2016,5,dry,pre_DAO_2016_08,0.5,7.79,,49,14,,,35000,,4.5441,1.395,0.414,0.436,,8,,,,,,Obando,223
875,Obando River,OBA-3,3,Tawiran Bridge Brgy. Tawiran Obando Bulacan,14.746714,120.910617,2016-05-13,11:30,2016-05,2016,5,dry,pre_DAO_2016_08,3.5,8.06,,18,20,,,1300,,3.1139,1.963,0.484,0.436,,8,,,,nitrate_n_mg_l(high),,Obando,224
876,Obando River,OBA-1,1,Polo Bridge Brgy. Polo Valenzuela City MM,14.810347,120.937194,2016-06-10,11:36,2016-06,2016,6,wet,post_DAO_2016_08,3.85,7.79,,47,10,,,35000,,4.5441,6.479,0.72,0.96,,8,,,,nitrate_n_mg_l(high),,Obando,226
877,Obando River,OBA-2,2,Near Municipal Fishport & P.M.,14.709214,120.946597,2016-06-10,11:59,2016-06,2016,6,wet,post_DAO_2016_08,3.65,7.48,,47,22,,,2400,,3.3802,2.788,0.876,0.334,,8,,,,nitrate_n_mg_l(high),,Obando,227
878,Obando River,OBA-3,3,Tawiran Bridge Brgy. Tawiran Obando Bulacan,14.746714,120.910617,2016-06-10,12:31,2016-06,2016,6,wet,post_DAO_2016_08,3.5,8.09,,19,15,,,5400,,3.7324,2.292,1.348,0.274,,8,,,,nitrate_n_mg_l(high),,Obando,228
879,Obando River,OBA-1,1,Polo Bridge Brgy. Polo Valenzuela City MM,14.810347,120.937194,2016-07-21,10:48,2016-07,2016,7,wet,post_DAO_2016_08,3.52,7.31,,28,12,,,240000,,5.3802,8.214,0.186,1.166,,8,,,,,,Obando,230
880,Obando River,OBA-2,2,Near Municipal Fishport & P.M.,14.709214,120.946597,2016-07-21,11:46,2016-07,2016,7,wet,post_DAO_2016_08,1.05,7.62,,47,21,,,240000,,5.3802,2.995,0.066,0.553,,8,,,,,,Obando,231
881,Obando River,OBA-3,3,Tawiran Bridge Brgy. Tawiran Obando Bulacan,14.746714,120.910617,2016-07-21,12:15,2016-07,2016,7,wet,post_DAO_2016_08,4.46,8.01,,10,22,,,240000,,5.3802,2.371,0.118,0.527,,8,,,,,,Obando,232
882,Obando River,OBA-1,1,Polo Bridge Brgy. Polo Valenzuela City MM,14.810347,120.937194,2016-08-19,10:41,2016-08,2016,8,wet,post_DAO_2016_08,5,7.08,,57,10,,540000,,5.7324,,0,0.259,0.691,273,9,,,,bod_mg_l(high),,Obando,234
883,Obando River,OBA-2,2,Near Municipal Fishport & P.M.,14.709214,120.946597,2016-08-19,10:55,2016-08,2016,8,wet,post_DAO_2016_08,5.2,7.84,,8,16,,540000,,5.7324,,0,0.247,0.448,3226,9,,,,,,Obando,235
884,Obando River,OBA-3,3,Tawiran Bridge Brgy. Tawiran Obando Bulacan,14.746714,120.910617,2016-08-19,11:25,2016-08,2016,8,wet,post_DAO_2016_08,5.2,7.99,,10,14,,35000,,4.5441,,0,0.024,0.45,3325,9,nitrate_n_mg_l(<0.048),,,,,Obando,236
885,Obando River,OBA-1,1,Polo Bridge Brgy. Polo Valenzuela City MM,14.810347,120.937194,2016-09-23,12:56,2016-09,2016,9,wet,post_DAO_2016_08,3,7.68,,25,14,,350000,,5.5441,,0,0.175,0.88,213,9,,,,,,Obando,238
886,Obando River,OBA-2,2,Near Municipal Fishport & P.M.,14.709214,120.946597,2016-09-23,13:30,2016-09,2016,9,wet,post_DAO_2016_08,2.2,7.96,,16,13,,2400000,,6.3802,,0,0.192,0.754,2482,9,,,,,,Obando,239
887,Obando River,OBA-3,3,Tawiran Bridge Brgy. Tawiran Obando Bulacan,14.746714,120.910617,2016-09-23,14:15,2016-09,2016,9,wet,post_DAO_2016_08,2.3,7.78,,62,12,,540000,,5.7324,,0,0.153,0.848,2082,9,,,,bod_mg_l(high),,Obando,240
888,Obando River,OBA-1,1,Polo Bridge Brgy. Polo Valenzuela City MM,14.810347,120.937194,2016-10-14,11:57,2016-10,2016,10,wet,post_DAO_2016_08,1.9,7.96,,37,9,,35000,,4.5441,,,0.056,1.091,69,8,,,,,,Obando,242
889,Obando River,OBA-2,2,Near Municipal Fishport & P.M.,14.709214,120.946597,2016-10-14,12:30,2016-10,2016,10,wet,post_DAO_2016_08,0.7,8.01,,28,3,,160000,,5.2041,,,0.067,0.719,7345,8,,,,,,Obando,243
890,Obando River,OBA-3,3,Tawiran Bridge Brgy. Tawiran Obando Bulacan,14.746714,120.910617,2016-10-14,12:58,2016-10,2016,10,wet,post_DAO_2016_08,3.8,7.97,,23,31,,140000,,5.1461,,,0.36,0.851,3474,8,,,,,,Obando,244
891,Obando River,OBA-1,1,Polo Bridge Brgy. Polo Valenzuela City MM,14.810347,120.937194,2016-11-24,12:51,2016-11,2016,11,wet,post_DAO_2016_08,4.9,7.25,,45,24,,130000,,5.1139,,,0.024,1.078,117,8,nitrate_n_mg_l(<0.048),,,,,Obando,246
892,Obando River,OBA-2,2,Near Municipal Fishport & P.M.,14.709214,120.946597,2016-11-24,13:10,2016-11,2016,11,wet,post_DAO_2016_08,3.4,7.85,,16,52,,33000,,4.5185,,,0.079,0.734,5294,8,,,,,,Obando,247
893,Obando River,OBA-3,3,Tawiran Bridge Brgy. Tawiran Obando Bulacan,14.746714,120.910617,2016-11-24,13:39,2016-11,2016,11,wet,post_DAO_2016_08,4,7.79,,9,79,,5400,,3.7324,,,0.024,0.705,4080,8,nitrate_n_mg_l(<0.048),,,,,Obando,248
894,Obando River,OBA-1,1,Polo Bridge Brgy. Polo Valenzuela City MM,14.810347,120.937194,2017-01-12,12:01,2017-01,2017,1,dry,post_DAO_2016_08,1.5,7.2,26.7,132,43,20,540000,,5.7324,,,0.065,0.941,9082,10,,,,bod_mg_l(high),,Obando,256
895,Obando River,OBA-2,2,Near Municipal Fishport & P.M.,14.709214,120.946597,2017-01-12,12:25,2017-01,2017,1,dry,post_DAO_2016_08,1,7.15,27.2,88,35,20,350000,,5.5441,,,0.024,0.976,10102,10,nitrate_n_mg_l(<0.048),,,bod_mg_l(high),,Obando,257
896,Obando River,OBA-3,3,Tawiran Bridge Brgy. Tawiran Obando Bulacan,14.746714,120.910617,2017-01-12,12:56,2017-01,2017,1,dry,post_DAO_2016_08,0.7,7.3,27.5,97,67,30,350000,,5.5441,,,0.077,1.01,10296,10,,,,bod_mg_l(high),,Obando,258
897,Obando River,OBA-1,1,Polo Bridge Brgy. Polo Valenzuela City MM,14.810347,120.937194,2017-02-13,10:37,2017-02,2017,2,dry,post_DAO_2016_08,3.6,7.35,26.1,14,13,40,24000,,4.3802,,,0.119,0.61,291,10,,,,,,Obando,260
898,Obando River,OBA-2,2,Near Municipal Fishport & P.M.,14.709214,120.946597,2017-02-13,10:58,2017-02,2017,2,dry,post_DAO_2016_08,1.16,7.65,26,131,48,40,2400000,,6.3802,,,0.024,0.739,13404,10,nitrate_n_mg_l(<0.048),,,bod_mg_l(high),,Obando,261
899,Obando River,OBA-3,3,Tawiran Bridge Brgy. Tawiran Obando Bulacan,14.746714,120.910617,2017-02-13,11:31,2017-02,2017,2,dry,post_DAO_2016_08,1.27,7.76,26.5,22,33,40,240000,,5.3802,,,0.024,0.956,6353,10,nitrate_n_mg_l(<0.048),,,,,Obando,262
900,Obando River,OBA-1,1,Polo Bridge Brgy. Polo Valenzuela City MM,14.810347,120.937194,2017-03-17,10:35,2017-03,2017,3,dry,post_DAO_2016_08,6.5,7.83,29.1,36,19,60,110000,,5.0414,,,0.024,0.293,199,10,nitrate_n_mg_l(<0.048),,,color_tcu(high),,Obando,264
901,Obando River,OBA-2,2,Near Municipal Fishport & P.M.,14.709214,120.946597,2017-03-17,10:58,2017-03,2017,3,dry,post_DAO_2016_08,1.77,7.43,29.2,26,76,40,540000,,5.7324,,,0.024,0.148,15782,10,nitrate_n_mg_l(<0.048),,,,,Obando,265
902,Obando River,OBA-3,3,Tawiran Bridge Brgy. Tawiran Obando Bulacan,14.746714,120.910617,2017-03-17,11:35,2017-03,2017,3,dry,post_DAO_2016_08,4.78,7.79,30.1,18,52,40,24000,,4.3802,,,0.024,0.178,12507,10,nitrate_n_mg_l(<0.048),,,,,Obando,266
903,Obando River,OBA-1,1,Polo Bridge Brgy. Polo Valenzuela City MM,14.810347,120.937194,2017-04-19,12:05,2017-04,2017,4,dry,post_DAO_2016_08,5.6,7.79,32.2,26,74,60,160000,,5.2041,,,0.024,0.52,149,10,nitrate_n_mg_l(<0.048),,,color_tcu(high),,Obando,268
904,Obando River,OBA-2,2,Near Municipal Fishport & P.M.,14.709214,120.946597,2017-04-19,12:28,2017-04,2017,4,dry,post_DAO_2016_08,3.07,7.55,32.45,4,97,30,28000,,4.4472,,,0.024,0.421,21539,10,nitrate_n_mg_l(<0.048),,,tss_mg_l(high),,Obando,269
905,Obando River,OBA-3,3,Tawiran Bridge Brgy. Tawiran Obando Bulacan,14.746714,120.910617,2017-04-19,12:48,2017-04,2017,4,dry,post_DAO_2016_08,4.2,7.64,32.2,2,95,40,2400,,3.3802,,,0.024,0.567,26403,10,nitrate_n_mg_l(<0.048),,,tss_mg_l(high),,Obando,270
906,Obando River,OBA-1,1,Polo Bridge Brgy. Polo Valenzuela City MM,14.810347,120.937194,2017-05-11,11:20,2017-05,2017,5,dry,post_DAO_2016_08,4.9,7.41,31.8,19,19,80,920000,,5.9638,,,0.024,0.429,195,10,nitrate_n_mg_l(<0.048),,,color_tcu(high),,Obando,272
907,Obando River,OBA-2,2,Near Municipal Fishport & P.M.,14.709214,120.946597,2017-05-11,11:44,2017-05,2017,5,dry,post_DAO_2016_08,1.2,7.39,32.1,36,65,40,220000,,5.3424,,,0.024,0.608,79037,10,nitrate_n_mg_l(<0.048),,,chloride_mg_l(high),,Obando,273
908,Obando River,OBA-3,3,Tawiran Bridge Brgy. Tawiran Obando Bulacan,14.746714,120.910617,2017-05-11,12:15,2017-05,2017,5,dry,post_DAO_2016_08,4.5,7.49,33.1,14,73,40,4900,,3.6902,,,0.024,0.86,15034,10,nitrate_n_mg_l(<0.048),,,,,Obando,274
909,Obando River,OBA-1,1,Polo Bridge Brgy. Polo Valenzuela City MM,14.810347,120.937194,2017-06-16,12:18,2017-06,2017,6,wet,post_DAO_2016_08,6.5,7.96,33.68,30,23,80,110000,,5.0414,,,0.11,0.528,234,10,,,,color_tcu(high),,Obando,276
910,Obando River,OBA-2,2,Near Municipal Fishport & P.M.,14.709214,120.946597,2017-06-16,12:45,2017-06,2017,6,wet,post_DAO_2016_08,1.9,7.21,32,22,52,40,540000,,5.7324,,,0.261,0.396,15913,10,,,,,,Obando,277
911,Obando River,OBA-3,3,Tawiran Bridge Brgy. Tawiran Obando Bulacan,14.746714,120.910617,2017-06-16,13:10,2017-06,2017,6,wet,post_DAO_2016_08,4.81,7.8,32.75,23,115,40,1300,,3.1139,,,0.214,0.653,16694,10,,,,tss_mg_l(high),,Obando,278
912,Obando River,OBA-1,1,Polo Bridge Brgy. Polo Valenzuela City MM,14.810347,120.937194,2017-07-21,11:39,2017-07,2017,7,wet,post_DAO_2016_08,2.15,7.45,31.5,14,20,100,920000,,5.9638,,,0.024,0.992,86,10,nitrate_n_mg_l(<0.048),,,color_tcu(high),,Obando,280
913,Obando River,OBA-2,2,Near Municipal Fishport & P.M.,14.709214,120.946597,2017-07-21,12:04,2017-07,2017,7,wet,post_DAO_2016_08,0.5,7.36,30.4,76,69,40,220000,,5.3424,,,0.024,0.494,14742,10,nitrate_n_mg_l(<0.048),,,bod_mg_l(high),,Obando,281
914,Obando River,OBA-3,3,Tawiran Bridge Brgy. Tawiran Obando Bulacan,14.746714,120.910617,2017-07-21,12:30,2017-07,2017,7,wet,post_DAO_2016_08,0.65,7.54,30.3,24,79,40,540000,,5.7324,,,0.048,0.963,8493,10,,,,,,Obando,282
915,Obando River,OBA-1,1,Polo Bridge Brgy. Polo Valenzuela City MM,14.810347,120.937194,2017-08-11,12:20,2017-08,2017,8,wet,post_DAO_2016_08,6.18,8.49,34.18,15,14,50,170000,,5.2304,,,0.024,0.348,328,10,nitrate_n_mg_l(<0.048),,,,,Obando,284
916,Obando River,OBA-2,2,Near Municipal Fishport & P.M.,14.709214,120.946597,2017-08-11,12:40,2017-08,2017,8,wet,post_DAO_2016_08,4.81,8.2,33.4,15,26,30,33000,,4.5185,,,0.024,0.407,8201,10,nitrate_n_mg_l(<0.048),,,,,Obando,285
917,Obando River,OBA-3,3,Tawiran Bridge Brgy. Tawiran Obando Bulacan,14.746714,120.910617,2017-08-11,13:10,2017-08,2017,8,wet,post_DAO_2016_08,5.79,8.3,33.5,11,26,20,49000,,4.6902,,,0.093,0.409,8689,10,,,,,,Obando,286
918,Obando River,OBA-1,1,Polo Bridge Brgy. Polo Valenzuela City MM,14.810347,120.937194,2017-09-15,10:03,2017-09,2017,9,wet,post_DAO_2016_08,1.75,6.64,29.4,8,14,40,21000,,4.3222,,,0.024,0.584,132,10,nitrate_n_mg_l(<0.048),,,,,Obando,288
919,Obando River,OBA-2,2,Near Municipal Fishport & P.M.,14.709214,120.946597,2017-09-15,11:25,2017-09,2017,9,wet,post_DAO_2016_08,1.2,6.93,30.2,8,13,30,110000,,5.0414,,,0.217,0.599,4588,10,,,,,,Obando,289
920,Obando River,OBA-3,3,Tawiran Bridge Brgy. Tawiran Obando Bulacan,14.746714,120.910617,2017-09-15,12:01,2017-09,2017,9,wet,post_DAO_2016_08,2.95,7.25,30.1,13,41,40,70000,,4.8451,,,0.024,0.831,2343,10,nitrate_n_mg_l(<0.048),,,,,Obando,290
921,Obando River,OBA-1,1,Polo Bridge Brgy. Polo Valenzuela City MM,14.810347,120.937194,2017-10-13,10:33,2017-10,2017,10,wet,post_DAO_2016_08,3.21,7,30.3,16,10,40,70000,,4.8451,,,0.087,0.953,22,10,,,,,,Obando,292
922,Obando River,OBA-2,2,Near Municipal Fishport & P.M.,14.709214,120.946597,2017-10-13,11:03,2017-10,2017,10,wet,post_DAO_2016_08,1.3,7.12,30.55,34,34,20,350000,,5.5441,,,0.065,0.709,58,10,,,,,,Obando,293
923,Obando River,OBA-3,3,Tawiran Bridge Brgy. Tawiran Obando Bulacan,14.746714,120.910617,2017-10-13,11:50,2017-10,2017,10,wet,post_DAO_2016_08,1.1,7.42,30.8,26,46,20,240000,,5.3802,,,0.099,0.899,43,10,,,,,,Obando,294
924,Obando River,OBA-1,1,Polo Bridge Brgy. Polo Valenzuela City MM,14.810347,120.937194,2017-11-30,09:55,2017-11,2017,11,wet,post_DAO_2016_08,4.5,7.4,29.6,14,10,40,240000,,5.3802,,,0.181,0.682,123,10,,,,,,Obando,296
925,Obando River,OBA-2,2,Near Municipal Fishport & P.M.,14.709214,120.946597,2017-11-30,10:16,2017-11,2017,11,wet,post_DAO_2016_08,1.28,7.15,29.4,28,50,40,2400000,,6.3802,,,0.075,0.6,14505,10,,,,,,Obando,297
926,Obando River,OBA-3,3,Tawiran Bridge Brgy. Tawiran Obando Bulacan,14.746714,120.910617,2017-11-30,10:50,2017-11,2017,11,wet,post_DAO_2016_08,1.4,7.41,30.1,10,83,20,2400000,,6.3802,,,0.067,0.996,9115,10,,,,,,Obando,298
927,Obando River,OBA-1,1,Polo Bridge Brgy. Polo Valenzuela City MM,14.810347,120.937194,2018-01-28,13:21,2018-01,2018,1,dry,post_DAO_2016_08,4.25,7.02,28,20,8,20,460000,,5.6628,,,0.094,0.607,293,10,,,,,,Obando,306
928,Obando River,OBA-2,2,Near Municipal Fishport & P.M.,14.709214,120.946597,2018-01-28,13:42,2018-01,2018,1,dry,post_DAO_2016_08,1.58,7.18,27.9,95,6,20,2400000,,6.3802,,,0.024,0.612,13752,10,nitrate_n_mg_l(<0.048),,,bod_mg_l(high),,Obando,307
929,Obando River,OBA-3,3,Tawiran Bridge Brgy. Tawiran Obando Bulacan,14.746714,120.910617,2018-01-28,14:05,2018-01,2018,1,dry,post_DAO_2016_08,1.45,7.32,29.7,38,22,20,2400000,,6.3802,,,0.193,0.8,10923,10,,,,,,Obando,308
930,Obando River,OBA-1,1,Polo Bridge Brgy. Polo Valenzuela City MM,14.810347,120.937194,2018-02-23,12:05,2018-02,2018,2,dry,post_DAO_2016_08,6.52,7.82,31,96,58,40,920000,,5.9638,,,0.024,0.802,585,10,nitrate_n_mg_l(<0.048),,,bod_mg_l(high),,Obando,310
931,Obando River,OBA-2,2,Near Municipal Fishport & P.M.,14.709214,120.946597,2018-02-23,12:26,2018-02,2018,2,dry,post_DAO_2016_08,0.9,6.95,29.4,40,47,40,350000,,5.5441,,,0.107,0.838,27211,10,,,,,,Obando,311
932,Obando River,OBA-3,3,Tawiran Bridge Brgy. Tawiran Obando Bulacan,14.746714,120.910617,2018-02-23,12:52,2018-02,2018,2,dry,post_DAO_2016_08,3.17,7.67,30.5,16,27,40,23000,,4.3617,,,0.066,0.987,20774,10,,,,,,Obando,312
933,Obando River,OBA-1,1,Polo Bridge Brgy. Polo Valenzuela City MM,14.810347,120.937194,2018-03-19,13:10,2018-03,2018,3,dry,post_DAO_2016_08,3.82,8.15,32.66,31,22,40,3500,,3.5441,,,0.115,0.507,291,10,,,,,,Obando,314
934,Obando River,OBA-2,2,Near Municipal Fishport & P.M.,14.709214,120.946597,2018-03-19,13:30,2018-03,2018,3,dry,post_DAO_2016_08,1.73,8.1,29.45,24,21,30,13000,,4.1139,,,0.105,0.704,29408,10,,,,,,Obando,315
935,Obando River,OBA-3,3,Tawiran Bridge Brgy. Tawiran Obando Bulacan,14.746714,120.910617,2018-03-19,13:51,2018-03,2018,3,dry,post_DAO_2016_08,3.4,8.49,31.19,15,30,30,540000,,5.7324,,,0.158,0.55,32999,10,,,,,,Obando,316
936,Obando River,OBA-1,1,Polo Bridge Brgy. Polo Valenzuela City MM,14.810347,120.937194,2018-04-23,13:55,2018-04,2018,4,dry,post_DAO_2016_08,6.15,8.45,33.4,47,25,20,4900,,3.6902,,,0.332,0.766,300,10,,,,,,Obando,318
937,Obando River,OBA-2,2,Near Municipal Fishport & P.M.,14.709214,120.946597,2018-04-23,14:19,2018-04,2018,4,dry,post_DAO_2016_08,5.74,7.9,32.5,11,16,20,2300,,3.3617,,,0.055,0.437,104662,10,,,,chloride_mg_l(high),,Obando,319
938,Obando River,OBA-3,3,Tawiran Bridge Brgy. Tawiran Obando Bulacan,14.746714,120.910617,2018-04-23,14:40,2018-04,2018,4,dry,post_DAO_2016_08,5.68,8.32,32.3,23,30,20,1700,,3.2304,,,0.152,0.394,99500,10,,,,chloride_mg_l(high),,Obando,320
939,Obando River,OBA-1,1,Polo Bridge Brgy. Polo Valenzuela City MM,14.810347,120.937194,2018-05-28,11:33,2018-05,2018,5,dry,post_DAO_2016_08,5.65,7.85,33.7,26,33,30,22000,,4.3424,,,0.024,0.872,318,10,nitrate_n_mg_l(<0.048),,,,,Obando,322
940,Obando River,OBA-2,2,Near Municipal Fishport & P.M.,14.709214,120.946597,2018-05-28,11:52,2018-05,2018,5,dry,post_DAO_2016_08,2.52,7.74,33.4,32,4,30,35000,,4.5441,,,0.024,0.443,19340,10,nitrate_n_mg_l(<0.048),,,,,Obando,323
941,Obando River,OBA-3,3,Tawiran Bridge Brgy. Tawiran Obando Bulacan,14.746714,120.910617,2018-05-28,12:10,2018-05,2018,5,dry,post_DAO_2016_08,5.26,8.31,34.25,23,33,50,14000,,4.1461,,,0.024,0.778,13267,10,nitrate_n_mg_l(<0.048),,,,,Obando,324
